zip,stab_units,res_units,stab_share,stab_buildings,median_violations_per_unit,buildings,open_hpd_violations,good_cause_likely_units,good_cause_likely_share
00000,0,1271,0.0,0,0.0,213,5,382,0.3006
10001,7519,22301,0.3372,110,0.008,356,2142,4455,0.1998
10002,7691,36841,0.2088,526,0.15,1180,11097,11290,0.3065
10003,5825,33685,0.1729,588,0.05,1489,7610,15582,0.4626
10004,553,4492,0.1231,3,0.0,37,72,1342,0.2988
10005,1636,8289,0.1974,8,0.0,26,119,2649,0.3196
10006,85,3585,0.0237,8,0.0,25,114,1761,0.4912
10007,749,4839,0.1548,12,0.0,143,218,1609,0.3325
10009,14200,34330,0.4136,512,0.125,1102,9340,10956,0.3191
10010,4994,19961,0.2502,149,0.015,374,1930,10290,0.5155
10011,6503,34309,0.1895,461,0.0,1672,5761,13312,0.388
10012,2673,15606,0.1713,298,0.0,926,4639,7049,0.4517
10013,3458,16331,0.2117,242,0.0,1105,4576,6598,0.404
10014,3436,23094,0.1488,446,0.0,1661,5530,10921,0.4729
10016,6133,41131,0.1491,336,0.014,961,4264,17655,0.4292
10017,1530,15193,0.1007,67,0.007,193,889,5492,0.3615
10018,4431,9680,0.4577,54,0.097,152,1509,1988,0.2054
10019,8648,36634,0.2361,339,0.125,671,6528,13812,0.377
10021,3276,30525,0.1073,346,0.0,1026,3228,13035,0.427
10022,2686,28364,0.0947,232,0.02,708,3230,8376,0.2953
10023,6485,44258,0.1465,572,0.024,1134,5117,13298,0.3005
10024,5236,35751,0.1465,611,0.032,1611,8416,15915,0.4452
10025,11555,49334,0.2342,680,0.106,1364,13823,20892,0.4235
10026,6325,15503,0.408,335,0.333,877,15690,4621,0.2981
10027,8461,30282,0.2794,414,0.333,1747,24377,11401,0.3765
10028,4377,30881,0.1417,465,0.01,1068,4596,15353,0.4972
10029,9645,36349,0.2653,507,0.333,1140,18368,9504,0.2615
10030,5357,13857,0.3866,271,0.444,977,15428,5027,0.3628
10031,11009,22365,0.4922,498,0.571,1435,29172,12443,0.5564
10032,12591,22587,0.5574,447,0.533,840,22072,14396,0.6374
10033,12641,20278,0.6234,409,0.566,582,17113,14052,0.693
10034,10334,17503,0.5904,275,0.381,368,9566,8286,0.4734
10035,6413,18279,0.3508,256,0.152,975,13276,4918,0.2691
10036,9229,21381,0.4316,247,0.15,565,4911,9919,0.4639
10037,6132,11154,0.5498,105,0.364,277,5897,4508,0.4042
10038,2886,16379,0.1762,42,0.0,189,964,5284,0.3226
10039,4149,11824,0.3509,162,0.873,232,11348,3466,0.2931
10040,11513,16794,0.6855,291,0.45,338,10789,9306,0.5541
10044,366,12308,0.0297,2,0.002,14,144,1397,0.1135
10065,3197,22986,0.1391,217,0.02,851,3299,9573,0.4165
10069,599,4220,0.1419,4,0.0,13,24,971,0.2301
10075,3000,17734,0.1692,219,0.01,593,2361,6178,0.3484
10103,0,59,0.0,0,0.0,1,0,0,0.0
10128,4389,36089,0.1216,507,0.044,1178,6174,15961,0.4423
10280,85,5114,0.0166,2,0.0,17,26,2129,0.4163
10282,891,2805,0.3176,7,0.0,11,2,709,0.2528
10301,206,16870,0.0122,9,0.056,6693,11251,4102,0.2432
10302,95,6552,0.0145,6,0.0,4039,4746,899,0.1372
10303,54,8551,0.0063,1,0.0,4827,5364,960,0.1123
10304,536,16531,0.0324,6,0.0,8377,10043,2874,0.1739
10305,65,15760,0.0041,3,0.0,9526,2949,1092,0.0693
10306,8,21908,0.0004,2,0.0,15137,2243,1830,0.0835
10307,0,5631,0.0,0,0.0,3860,377,41,0.0073
10308,36,10603,0.0034,1,0.0,7886,425,93,0.0088
10309,0,13009,0.0,0,0.0,8802,610,29,0.0022
10310,55,8976,0.0061,2,0.0,5542,4767,769,0.0857
10312,0,23036,0.0,0,0.0,17849,1124,136,0.0059
10314,68,32808,0.0021,2,0.0,19662,3542,808,0.0246
10451,10868,24926,0.436,188,0.279,649,12585,5490,0.2203
10452,20326,30923,0.6573,397,0.524,1030,28742,13206,0.4271
10453,19140,36559,0.5235,425,0.429,1692,31841,13077,0.3577
10454,6981,18389,0.3796,233,0.543,1144,12600,5375,0.2923
10455,7599,18572,0.4092,235,0.333,1299,14027,4812,0.2591
10456,16716,35574,0.4699,501,0.448,2237,36131,10148,0.2853
10457,17619,32370,0.5443,465,0.5,2175,36421,10869,0.3358
10458,20661,31982,0.646,680,0.609,2233,42396,12669,0.3961
10459,9454,21022,0.4497,292,0.4,2118,26243,6838,0.3253
10460,11739,25685,0.457,290,0.333,2331,23966,8226,0.3203
10461,6118,20955,0.292,185,0.0,6559,10350,4125,0.1969
10462,9442,32589,0.2897,209,0.0,4020,20778,6009,0.1844
10463,11479,32596,0.3522,278,0.079,2015,13289,8230,0.2525
10464,85,2164,0.0393,2,0.0,1221,629,222,0.1026
10465,373,16112,0.0232,11,0.0,7512,3084,1623,0.1007
10466,4714,24594,0.1917,154,0.0,8421,24117,4405,0.1791
10467,21328,50393,0.4232,538,0.368,4078,41344,13306,0.264
10468,19272,28973,0.6652,484,0.571,1281,29575,9535,0.3291
10469,2161,22966,0.0941,51,0.0,10621,17835,1128,0.0491
10470,1953,7430,0.2629,74,0.0,2064,6548,1068,0.1437
10471,2565,10532,0.2435,64,0.0,1905,1938,2079,0.1974
10472,6906,23541,0.2934,161,0.25,3980,26085,6124,0.2601
10473,4186,22976,0.1822,44,0.0,4342,7791,4288,0.1866
10474,1895,4915,0.3856,61,0.667,485,6271,1943,0.3953
10475,269,17527,0.0153,3,0.0,477,4511,214,0.0122
10803,0,23,0.0,0,,23,0,0,0.0
11001,38,1446,0.0263,1,0.0,1189,164,0,0.0
11004,193,5015,0.0385,4,0.0,2416,181,13,0.0026
11005,14,1844,0.0076,1,0.002,1,4,0,0.0
11021,0,8,0.0,0,,8,0,0,0.0
11040,6,975,0.0062,1,0.0,575,12,0,0.0
11101,14605,41417,0.3526,184,0.0,1469,4206,4498,0.1086
11102,6363,19769,0.3219,304,0.0,2680,6556,4840,0.2448
11103,4724,17513,0.2697,336,0.0,4089,7620,5085,0.2904
11104,5611,13523,0.4149,182,0.0,1640,6151,6021,0.4452
11105,3513,17106,0.2054,146,0.0,5103,4965,2999,0.1753
11106,6877,21202,0.3244,289,0.0,2693,6074,6669,0.3145
11109,0,3352,0.0,0,0.0,10,0,515,0.1536
11201,11604,46762,0.2482,347,0.0,2773,6740,6996,0.1496
11203,6367,28368,0.2244,188,0.333,10249,34174,3924,0.1383
11204,4770,27917,0.1709,157,0.0,9465,11065,3863,0.1384
11205,4070,20428,0.1992,218,0.0,2499,10797,3817,0.1869
11206,6832,39281,0.1739,397,0.0,3621,18409,8487,0.2161
11207,4435,37774,0.1174,190,0.333,9729,55526,9444,0.25
11208,3446,31604,0.109,115,0.14,10004,40168,2903,0.0919
11209,8366,32764,0.2553,317,0.0,8094,14717,8606,0.2627
11210,8306,24909,0.3335,194,0.061,8119,15277,4172,0.1675
11211,8089,33119,0.2442,443,0.0,4768,15181,9230,0.2787
11212,7580,36077,0.2101,187,0.73,5627,44286,8204,0.2274
11213,9361,27554,0.3397,404,0.333,4603,33088,9823,0.3565
11214,7267,34069,0.2133,196,0.0,8849,13161,7159,0.2101
11215,4295,36851,0.1166,563,0.0,8325,16335,7248,0.1967
11216,6684,27924,0.2394,510,0.167,5610,41592,9122,0.3267
11217,5208,27599,0.1887,248,0.0,3538,10040,3945,0.1429
11218,7232,27960,0.2587,216,0.0,6289,18098,6056,0.2166
11219,4601,28561,0.1611,178,0.0,7748,17373,5674,0.1987
11220,4401,29322,0.1501,339,0.0,8221,25141,4910,0.1675
11221,7272,37639,0.1932,464,0.167,8465,46268,9970,0.2649
11222,6401,27970,0.2289,417,0.0,4350,10254,5241,0.1874
11223,5651,29147,0.1939,116,0.0,9480,10576,4358,0.1495
11224,2709,23938,0.1132,39,0.125,2241,7331,3312,0.1384
11225,13622,27356,0.498,365,0.326,3680,23188,11141,0.4073
11226,25385,45024,0.5638,727,0.5,4851,51824,13006,0.2889
11228,832,16005,0.052,33,0.0,7688,3262,848,0.053
11229,6867,31958,0.2149,173,0.0,11058,7810,4465,0.1397
11230,11940,32615,0.3661,311,0.0,7358,16137,8074,0.2476
11231,1760,20725,0.0849,151,0.0,3897,8895,2634,0.1271
11232,2065,9880,0.209,129,0.0,2191,7864,2206,0.2233
11233,5622,31016,0.1813,320,0.281,7215,44394,8147,0.2627
11234,725,31277,0.0232,20,0.0,18414,10871,474,0.0152
11235,9468,36803,0.2573,200,0.0,7113,13697,6793,0.1846
11236,635,31102,0.0204,14,0.0,13664,23715,520,0.0167
11237,1894,18412,0.1029,208,0.333,3667,23224,8565,0.4652
11238,8411,32861,0.256,484,0.0,4285,23046,7394,0.225
11239,1360,14425,0.0943,33,0.0,564,325,10002,0.6934
11249,6000,18854,0.3182,153,0.0,1159,3014,4031,0.2138
11354,4612,25956,0.1777,130,0.0,4197,4843,3411,0.1314
11355,9276,32139,0.2886,165,0.0,6379,9173,6583,0.2048
11356,22,8477,0.0026,2,0.0,4195,2456,162,0.0191
11357,204,16152,0.0126,38,0.0,9308,1209,167,0.0103
11358,1271,14083,0.0903,72,0.0,8203,2247,1067,0.0758
11360,354,9207,0.0384,7,0.0,2439,441,287,0.0312
11361,990,11310,0.0875,46,0.0,5992,1058,1164,0.1029
11362,8,7041,0.0011,2,0.0,3192,306,77,0.0109
11363,90,2876,0.0313,3,0.0,1914,239,219,0.0761
11364,954,13994,0.0682,25,0.0,5879,1189,48,0.0034
11365,2423,16867,0.1437,11,0.0,6174,1633,2735,0.1622
11366,653,5568,0.1173,8,0.0,3531,996,731,0.1313
11367,2940,14902,0.1973,65,0.0,4592,5941,1546,0.1037
11368,7498,30708,0.2442,220,0.0,7232,16462,7374,0.2401
11369,584,11084,0.0527,23,0.0,5061,5723,456,0.0411
11370,298,9473,0.0315,19,0.0,3980,2188,280,0.0296
11372,9310,25135,0.3704,254,0.021,2348,13241,6521,0.2594
11373,9629,33090,0.291,250,0.0,6659,12948,6239,0.1885
11374,6195,22055,0.2809,121,0.0,3091,3948,5317,0.2411
11375,6088,35683,0.1706,188,0.018,6440,5967,8048,0.2255
11377,7766,33601,0.2311,232,0.0,7098,11801,5648,0.1681
11378,233,13661,0.0171,15,0.0,7053,2922,521,0.0381
11379,1131,15080,0.075,18,0.0,8388,1828,379,0.0251
11385,2859,38274,0.0747,207,0.0,13625,21491,6338,0.1656
11411,78,6000,0.013,3,0.675,5244,1764,7,0.0012
11412,260,11469,0.0227,7,0.333,8442,8164,470,0.041
11413,132,12553,0.0105,6,0.0,9283,7031,154,0.0123
11414,48,10698,0.0045,5,0.0,5177,1873,92,0.0086
11415,2849,9027,0.3156,85,0.0,1198,2536,2890,0.3202
11416,123,7233,0.017,7,0.0,3528,4473,187,0.0259
11417,231,9607,0.024,10,0.0,5437,3632,453,0.0472
11418,1723,11822,0.1457,61,0.0,4744,6920,1094,0.0925
11419,402,12379,0.0325,19,0.0,7179,7551,371,0.03
11420,151,13509,0.0112,6,0.0,8906,6871,193,0.0143
11421,1049,12187,0.0861,33,0.0,6038,4834,800,0.0656
11422,20,9736,0.0021,1,0.0,6407,3772,44,0.0045
11423,1640,10287,0.1594,27,0.0,4988,4824,720,0.07
11426,221,6405,0.0345,3,0.0,4301,469,311,0.0486
11427,1590,7738,0.2055,18,0.0,4159,1623,307,0.0397
11428,391,5743,0.0681,9,0.083,4187,2020,351,0.0611
11429,173,7290,0.0237,4,0.0,5508,4599,188,0.0258
11432,7750,22889,0.3386,143,0.0,6064,8968,5110,0.2233
11433,1266,11864,0.1067,9,0.003,5586,10933,722,0.0609
11434,814,22165,0.0367,13,0.0,9879,10910,311,0.014
11435,7375,22856,0.3227,141,0.0,5485,12250,3669,0.1605
11436,0,6649,0.0,0,0.274,4246,4130,571,0.0859
11691,6006,24581,0.2443,64,0.333,5609,16144,6280,0.2555
11692,38,8347,0.0046,2,0.333,2083,5823,2138,0.2561
11693,198,4727,0.0419,6,0.0,1526,2135,312,0.066
11694,1099,9553,0.115,18,0.0,3513,2365,592,0.062
11697,0,2837,0.0,0,0.0,3,48,2837,1.0
