zip,county,rent_12mo,rent_yoy,jan,feb,mar,apr,may,jun,jul,aug,sep,oct,nov,dec,cheapest_month,priciest_month,season_swing,first_month_with_data,months_in_12mo
10001,New York County,5480,0.044,5360,5371,5405,5462,5522,5573,5593,5608,5585,5546,5461,5391,jan,aug,248,2015-01,12
10002,New York County,4504,0.0817,4430,4447,4474,4498,4531,4573,4589,4596,4571,4530,4472,4436,jan,aug,166,2015-01,12
10003,New York County,4983,0.0886,4896,4906,4951,4994,5038,5063,5076,5078,5053,5006,4952,4911,jan,aug,182,2015-01,12
10004,New York County,4777,0.0731,4650,4680,4739,4778,4824,4865,4892,4898,4890,4833,4748,4656,jan,aug,248,2017-01,12
10005,New York County,4553,0.0485,4490,4492,4522,4544,4577,4611,4621,4631,4620,4593,4545,4491,jan,aug,141,2015-01,12
10006,New York County,4766,0.0569,4666,4677,4736,4775,4819,4861,4888,4850,4830,4811,4774,4688,jan,jul,222,2020-05,12
10007,New York County,8447,0.0738,8190,8219,8337,8489,8589,8672,8619,8612,8633,8559,8436,8222,jan,jun,482,2017-01,12
10009,New York County,4781,0.0893,4688,4686,4709,4763,4830,4890,4901,4895,4862,4808,4743,4697,feb,jul,215,2015-01,12
10010,New York County,5171,0.063,5090,5104,5127,5160,5199,5252,5284,5288,5252,5193,5130,5092,jan,aug,198,2015-01,12
10011,New York County,5610,0.0785,5523,5542,5568,5608,5638,5681,5698,5724,5700,5652,5576,5530,jan,aug,201,2015-01,12
10012,New York County,4972,0.0881,4906,4899,4927,4958,5018,5054,5078,5067,5048,4985,4947,4902,feb,jul,179,2015-01,12
10013,New York County,6144,0.0972,6024,6021,6097,6158,6211,6259,6266,6279,6236,6169,6108,6038,feb,aug,258,2015-01,12
10014,New York County,5843,0.0915,5757,5775,5785,5842,5890,5932,5939,5955,5926,5888,5802,5780,jan,aug,198,2015-01,12
10016,New York County,4973,0.0574,4884,4897,4924,4950,4994,5051,5084,5093,5067,5014,4947,4890,jan,aug,209,2015-01,12
10017,New York County,4340,0.0517,4269,4280,4298,4338,4364,4402,4415,4424,4403,4378,4323,4289,jan,aug,155,2015-01,12
10018,New York County,4943,0.0269,4860,4872,4891,4939,4985,5026,5029,5030,5014,4978,4910,4869,jan,aug,170,2015-01,12
10019,New York County,4642,0.0494,4562,4571,4582,4620,4664,4714,4733,4741,4726,4685,4622,4578,jan,aug,179,2015-01,12
10021,New York County,3933,0.0825,3854,3874,3909,3947,3964,3998,4013,4017,3997,3958,3908,3861,jan,aug,163,2015-01,12
10022,New York County,4883,0.077,4823,4840,4858,4893,4916,4944,4956,4959,4942,4906,4863,4837,jan,aug,136,2015-01,12
10023,New York County,4759,0.0733,4689,4707,4731,4767,4795,4816,4823,4820,4816,4794,4755,4710,jan,jul,134,2015-01,12
10024,New York County,4287,0.0906,4237,4231,4250,4281,4314,4338,4347,4355,4347,4320,4283,4247,feb,aug,124,2015-01,12
10025,New York County,4539,0.0554,4460,4468,4479,4513,4554,4605,4634,4645,4633,4585,4524,4474,jan,aug,185,2015-01,12
10026,New York County,3507,0.0517,3430,3456,3493,3507,3528,3563,3581,3602,3574,3540,3476,3427,dec,aug,175,2015-01,12
10027,New York County,3766,0.0502,3721,3713,3724,3748,3784,3828,3844,3859,3832,3782,3735,3712,dec,aug,147,2015-01,12
10028,New York County,3823,0.0784,3772,3783,3809,3827,3849,3876,3886,3889,3870,3842,3807,3775,jan,aug,117,2015-01,12
10029,New York County,3379,0.0523,3320,3331,3348,3378,3405,3437,3451,3454,3430,3391,3347,3329,jan,aug,134,2015-01,12
10030,New York County,2832,0.0611,2731,2744,2784,2829,2871,2897,2911,2932,2935,2891,2823,2754,jan,sep,204,2020-01,12
10031,New York County,3052,0.0676,3005,2996,3010,3029,3051,3090,3109,3131,3115,3093,3054,3018,feb,aug,135,2015-01,12
10032,New York County,2989,0.0489,2957,2948,2961,2981,3003,3026,3033,3040,3024,3009,2984,2968,feb,aug,92,2015-01,12
10033,New York County,3064,0.0682,3025,3024,3025,3042,3070,3094,3110,3119,3108,3105,3070,3050,feb,aug,95,2015-03,12
10034,New York County,2513,0.0578,2504,2504,2501,2501,2508,2518,2537,2545,2548,2533,2522,2506,mar,sep,47,2015-06,12
10035,New York County,3172,0.0544,3127,3120,3132,3167,3189,3208,3221,3225,3219,3207,3179,3163,feb,aug,105,2015-01,12
10036,New York County,4548,0.0435,4470,4481,4507,4533,4577,4624,4647,4641,4618,4573,4516,4469,dec,jul,178,2015-01,12
10037,New York County,2742,0.0266,2711,2716,2745,2755,2782,2804,2805,2784,2746,2724,2708,2699,dec,jul,106,2016-05,11
10038,New York County,4807,0.0526,4708,4712,4739,4796,4849,4893,4915,4929,4918,4854,4778,4713,jan,aug,221,2015-01,12
10039,New York County,3174,0.0504,3120,3113,3132,3165,3195,3221,3270,3250,3240,3189,3192,3156,feb,jul,157,2020-05,12
10040,New York County,2663,0.0499,2651,2641,2635,2644,2662,2677,2700,2706,2707,2686,2669,2655,mar,sep,72,2015-01,12
10044,New York County,4228,0.0368,4177,4178,4118,4197,4253,4291,4293,4301,4289,4262,4221,4188,mar,aug,183,2023-12,12
10065,New York County,4612,0.0976,4573,4558,4574,4608,4647,4681,4690,4682,4653,4619,4594,4579,feb,jul,132,2015-01,12
10069,New York County,5908,0.0371,5797,5776,5848,5911,5971,6017,6059,6072,6041,5953,5902,5795,feb,aug,296,2019-11,12
10075,New York County,3763,0.0783,3708,3713,3725,3765,3782,3806,3818,3826,3828,3801,3770,3732,jan,sep,120,2015-01,12
10128,New York County,4015,0.0767,3947,3952,3979,4011,4050,4085,4097,4096,4075,4038,3998,3962,jan,jul,150,2015-01,12
10162,New York County,7522,,7431,7433,7467,7509,7562,7614,7638,7651,7630,7581,7510,7450,jan,aug,220,2026-07,2
10280,New York County,5025,0.0448,4862,4872,4941,5009,5073,5123,5182,5193,5159,5081,4999,4901,jan,aug,331,2016-01,12
10282,New York County,7338,0.0808,7180,7211,7367,7418,7466,7478,7450,7431,7433,7398,7328,7183,jan,jun,298,2021-10,12
10301,Richmond County,2782,0.0523,2794,2788,2809,2821,2823,2808,2813,2797,2766,2731,2746,2762,oct,may,92,2022-04,12
10302,Richmond County,3027,,2991,2992,3005,3022,3043,3064,3074,3079,3071,3051,3022,2998,jan,aug,88,2026-08,1
10304,Richmond County,2540,0.0227,2542,2550,2562,2593,2605,2589,2555,2528,2500,2489,2497,2531,oct,may,116,2020-08,12
10305,Richmond County,2661,0.0597,2686,2630,2673,2694,2705,2685,2643,2642,2653,2647,2633,2647,feb,may,75,2023-02,12
10306,Richmond County,2574,0.0629,2543,2544,2556,2570,2588,2606,2614,2619,2611,2595,2570,2550,jan,aug,76,2024-11,12
10307,Richmond County,1975,,1951,1952,1961,1972,1986,1999,2006,2009,2003,1991,1972,1956,jan,aug,58,2026-08,1
10308,Richmond County,1905,,1882,1883,1891,1902,1915,1929,1935,1938,1933,1920,1902,1887,jan,aug,56,2026-07,2
10309,Richmond County,2088,0.0831,2063,2064,2073,2085,2099,2114,2120,2124,2118,2105,2085,2068,jan,aug,61,2025-01,12
10310,Richmond County,3057,,3020,3021,3035,3052,3073,3095,3104,3110,3101,3081,3052,3028,jan,aug,90,2026-04,4
10312,Richmond County,2184,0.0949,2225,2218,2217,2173,2188,2163,2178,2195,2187,2160,2162,2207,oct,jan,65,2021-10,12
10314,Richmond County,2510,0.0376,2521,2506,2498,2490,2487,2508,2509,2525,2533,2548,2544,2529,may,oct,61,2021-03,12
10451,Bronx County,2949,-0.0058,2926,2949,2982,2976,2936,2952,2965,2977,2930,2945,2952,2951,jan,mar,56,2023-01,12
10452,Bronx County,2414,,2385,2386,2396,2410,2427,2444,2451,2456,2449,2433,2410,2391,jan,aug,71,2026-03,6
10453,Bronx County,2337,,2309,2309,2320,2333,2349,2366,2373,2377,2371,2355,2333,2315,jan,aug,68,2026-03,6
10454,Bronx County,2831,0.0249,2792,2820,2873,2850,2869,2869,2874,2889,2842,2811,2758,2751,dec,aug,138,2022-03,12
10456,Bronx County,2211,,2184,2185,2194,2207,2222,2238,2245,2249,2242,2228,2207,2189,jan,aug,65,2025-10,11
10457,Bronx County,2388,,2360,2360,2371,2384,2401,2418,2425,2429,2423,2407,2385,2365,jan,aug,69,2026-08,1
10458,Bronx County,2678,0.0724,2681,2694,2688,2728,2720,2678,2667,2644,2661,2670,2691,2698,aug,apr,84,2015-12,12
10461,Bronx County,2638,0.0643,2646,2622,2621,2630,2678,2662,2649,2640,2665,2646,2631,2620,dec,may,58,2017-12,12
10462,Bronx County,2437,0.0828,2426,2441,2462,2454,2475,2479,2469,2457,2427,2422,2396,2409,nov,jun,83,2017-01,12
10463,Bronx County,3152,0.0678,3124,3127,3148,3149,3153,3179,3193,3188,3182,3166,3169,3119,dec,jul,74,2015-05,12
10465,Bronx County,2829,0.0806,2799,2781,2842,2850,2892,2860,2828,2814,2810,2864,2872,2851,feb,may,111,2021-05,12
10466,Bronx County,3214,,3176,3176,3191,3209,3231,3254,3264,3269,3260,3240,3209,3184,jan,aug,93,2025-10,11
10467,Bronx County,2325,0.0761,2303,2319,2334,2328,2326,2347,2363,2343,2336,2330,2331,2319,jan,jul,60,2016-05,12
10468,Bronx County,2142,0.051,2101,2117,2157,2158,2142,2153,2141,2151,2165,2191,2165,2114,jan,oct,90,2022-05,12
10469,Bronx County,2897,0.0773,2880,2932,2912,2934,2874,2934,2875,2897,2884,2943,2924,2901,may,oct,69,2022-05,12
10471,Bronx County,2831,,2797,2798,2810,2826,2846,2866,2875,2880,2872,2853,2827,2804,jan,aug,83,2026-07,2
10472,Bronx County,2825,,2791,2791,2804,2820,2840,2859,2868,2873,2865,2847,2820,2798,jan,aug,82,2026-07,2
10473,Bronx County,2749,,2716,2717,2729,2745,2764,2783,2792,2797,2789,2771,2745,2723,jan,aug,81,2026-03,6
11101,Queens County,4267,0.0214,4217,4205,4216,4238,4263,4292,4325,4349,4353,4334,4283,4232,feb,sep,148,2015-01,12
11102,Queens County,3314,0.0426,3280,3278,3281,3300,3318,3327,3347,3354,3369,3357,3331,3301,feb,sep,91,2015-03,12
11103,Queens County,3083,0.0744,3061,3027,3027,3042,3075,3112,3136,3129,3127,3124,3122,3095,feb,jul,109,2015-01,12
11104,Queens County,2710,0.0792,2722,2672,2674,2659,2693,2706,2742,2785,2785,2763,2732,2721,apr,aug,126,2020-05,12
11105,Queens County,3011,0.0807,2987,3001,3003,3021,3027,3048,3061,3078,3053,3017,2986,2980,dec,aug,98,2020-05,12
11106,Queens County,3156,0.0633,3120,3118,3118,3130,3140,3176,3205,3216,3200,3199,3179,3153,feb,aug,98,2015-01,12
11109,Queens County,4343,0.0204,4219,4218,4265,4318,4378,4434,4482,4492,4465,4393,4317,4237,feb,aug,274,2016-05,12
11201,Kings County,4532,0.0395,4464,4481,4517,4538,4562,4573,4598,4606,4597,4566,4514,4472,jan,aug,142,2015-01,12
11203,Kings County,2816,0.0736,2782,2800,2786,2785,2792,2837,2862,2847,2860,2882,2861,2822,jan,oct,100,2021-01,12
11204,Kings County,2444,0.1082,2381,2415,2471,2469,2459,2417,2459,2479,2499,2499,2468,2423,jan,sep,118,2023-02,12
11205,Kings County,3873,0.0601,3815,3824,3844,3863,3893,3930,3948,3962,3946,3903,3845,3814,dec,aug,148,2015-01,12
11206,Kings County,3875,0.0457,3821,3815,3824,3850,3895,3934,3949,3960,3943,3912,3868,3839,feb,aug,145,2015-01,12
11207,Kings County,3217,0.0733,3199,3191,3182,3171,3206,3251,3259,3264,3275,3260,3241,3209,apr,sep,104,2015-01,12
11208,Kings County,2888,0.0984,2905,2886,2911,2877,2832,2869,2829,2876,2869,2921,3006,2951,jul,nov,177,2022-03,12
11209,Kings County,2758,0.0506,2749,2744,2735,2740,2752,2772,2771,2775,2789,2795,2781,2757,mar,oct,60,2018-01,12
11210,Kings County,2811,0.0215,2794,2780,2801,2801,2824,2834,2840,2847,2836,2836,2814,2791,feb,aug,67,2017-12,12
11211,Kings County,4813,0.0521,4719,4733,4771,4804,4840,4882,4905,4910,4902,4857,4811,4743,jan,aug,191,2015-01,12
11212,Kings County,2642,0.056,2684,2697,2690,2637,2671,2687,2663,2632,2585,2594,2605,2641,sep,feb,112,2022-03,12
11213,Kings County,3044,0.0477,3002,3004,3017,3038,3056,3085,3094,3098,3091,3077,3042,3010,jan,aug,96,2015-01,12
11214,Kings County,2686,0.0361,2665,2696,2711,2713,2692,2662,2673,2674,2708,2714,2710,2684,jun,oct,52,2019-01,12
11215,Kings County,4107,0.0598,4050,4058,4090,4121,4147,4160,4156,4161,4155,4139,4098,4065,jan,aug,111,2015-01,12
11216,Kings County,3450,0.0429,3379,3388,3415,3445,3479,3504,3511,3520,3515,3491,3443,3404,jan,aug,141,2015-01,12
11217,Kings County,4377,0.0658,4326,4330,4364,4367,4391,4409,4447,4483,4465,4424,4355,4318,dec,aug,165,2015-01,12
11218,Kings County,3294,0.051,3252,3266,3269,3286,3286,3315,3329,3345,3348,3332,3302,3277,jan,sep,96,2015-02,12
11219,Kings County,2914,,2879,2880,2893,2909,2930,2950,2959,2964,2956,2937,2910,2886,jan,aug,85,2026-03,6
11220,Kings County,2788,0.0699,2764,2788,2796,2789,2797,2810,2814,2815,2816,2808,2783,2761,dec,sep,55,2018-01,12
11221,Kings County,3473,0.0511,3417,3412,3437,3464,3494,3517,3532,3549,3539,3514,3472,3435,feb,aug,137,2015-01,12
11222,Kings County,4623,0.0475,4525,4554,4604,4626,4666,4692,4725,4720,4701,4650,4590,4541,jan,jul,200,2015-01,12
11223,Kings County,2430,0.0462,2418,2433,2449,2431,2415,2422,2486,2493,2491,2426,2400,2379,dec,aug,114,2020-05,12
11224,Kings County,3255,0.0437,3216,3217,3231,3249,3272,3295,3305,3311,3302,3281,3250,3224,jan,aug,95,2024-09,12
11225,Kings County,3218,0.059,3196,3182,3181,3199,3221,3247,3250,3270,3273,3257,3226,3204,mar,sep,92,2015-01,12
11226,Kings County,2948,0.0383,2916,2914,2936,2944,2964,2977,2999,3002,2989,2960,2937,2913,dec,aug,89,2015-01,12
11228,Kings County,2941,0.0683,2930,2882,2878,2911,2958,2986,2959,2963,2982,2990,3009,2988,mar,nov,131,2020-10,12
11229,Kings County,2705,0.1307,2693,2701,2722,2720,2700,2680,2696,2714,2737,2749,2754,2719,jun,nov,74,2016-05,12
11230,Kings County,2754,0.0329,2752,2736,2747,2739,2757,2768,2770,2756,2748,2773,2789,2778,feb,nov,53,2016-05,12
11231,Kings County,4541,0.1541,4549,4536,4503,4522,4530,4560,4591,4601,4608,4568,4563,4549,mar,sep,105,2015-01,12
11232,Kings County,3078,0.0349,3000,3008,3021,3041,3073,3130,3162,3185,3174,3168,3100,3044,jan,aug,185,2020-04,12
11233,Kings County,3168,0.0583,3128,3139,3154,3151,3179,3213,3224,3223,3219,3201,3167,3128,jan,jul,96,2015-01,12
11234,Kings County,2901,0.0868,2866,2867,2879,2896,2916,2936,2945,2950,2942,2924,2896,2873,jan,aug,84,2024-12,12
11235,Kings County,2550,0.0357,2551,2549,2558,2553,2534,2541,2556,2559,2562,2565,2583,2557,may,nov,49,2015-01,12
11236,Kings County,2681,0.0618,2649,2649,2661,2676,2695,2714,2722,2727,2719,2702,2677,2655,jan,aug,78,2025-08,12
11237,Kings County,3643,0.0483,3568,3576,3602,3616,3651,3685,3719,3731,3729,3698,3651,3600,jan,aug,163,2015-01,12
11238,Kings County,4026,0.0523,3994,3979,3987,4006,4037,4070,4083,4101,4078,4053,4021,4003,feb,aug,122,2015-01,12
11249,Kings County,5473,0.0533,5371,5398,5445,5471,5520,5554,5574,5572,5548,5521,5453,5398,jan,jul,203,2015-01,12
11354,Queens County,2656,0.0573,2635,2646,2660,2666,2660,2660,2676,2695,2689,2671,2647,2639,jan,aug,60,2016-05,12
11355,Queens County,2744,0.0541,2742,2715,2705,2695,2721,2734,2758,2782,2791,2801,2783,2769,apr,oct,106,2016-02,12
11356,Queens County,2567,0.0654,2536,2537,2548,2562,2581,2598,2607,2611,2604,2587,2563,2542,jan,aug,75,2024-10,12
11357,Queens County,2810,0.1002,2777,2777,2790,2733,2725,2838,2854,2859,2851,2833,2806,2783,may,aug,134,2024-01,12
11358,Queens County,2439,0.0787,2461,2444,2409,2400,2424,2459,2483,2474,2472,2453,2462,2447,apr,jul,83,2021-12,12
11360,Queens County,3040,,3004,3005,3018,3035,3057,3078,3087,3093,3084,3065,3036,3011,jan,aug,89,2025-09,12
11361,Queens County,2728,0.0404,2730,2750,2759,2741,2749,2748,2732,2728,2741,2733,2717,2702,dec,mar,57,2020-12,12
11364,Queens County,2776,0.0684,2743,2744,2756,2723,2731,2761,2819,2824,2816,2798,2772,2750,apr,aug,101,2024-01,12
11365,Queens County,2650,0.0378,2619,2635,2687,2683,2683,2717,2691,2696,2689,2671,2646,2625,jan,jun,98,2023-11,12
11367,Queens County,2579,0.0008,2548,2549,2560,2575,2593,2611,2619,2624,2616,2600,2575,2555,jan,aug,76,2025-03,12
11369,Queens County,2905,,2870,2871,2884,2900,2920,2940,2950,2955,2947,2928,2900,2877,jan,aug,85,2026-05,4
11370,Queens County,2916,,2881,2882,2894,2911,2931,2951,2961,2966,2958,2939,2911,2888,jan,aug,85,2025-12,8
11372,Queens County,2583,0.0251,2570,2575,2564,2569,2575,2607,2638,2639,2618,2576,2559,2561,nov,aug,80,2021-02,12
11373,Queens County,2785,0.0769,2762,2754,2765,2786,2802,2813,2842,2838,2822,2790,2789,2779,feb,jul,88,2021-04,12
11374,Queens County,3007,0.0533,2998,3000,2989,3000,2994,3003,3012,3039,3048,3044,3029,3010,mar,sep,59,2015-03,12
11375,Queens County,3065,0.0539,3044,3041,3046,3058,3065,3091,3105,3107,3097,3081,3076,3052,feb,aug,66,2015-01,12
11377,Queens County,2952,0.0556,2949,2947,2947,2923,2922,2929,2990,3030,3040,2998,2958,2947,may,sep,118,2020-09,12
11378,Queens County,2578,0.0794,2577,2600,2630,2618,2601,2579,2538,2562,2584,2608,2587,2566,jul,mar,92,2022-03,12
11379,Queens County,2563,0.0626,2595,2606,2557,2577,2558,2572,2577,2547,2537,2533,2545,2600,oct,feb,73,2020-12,12
11385,Queens County,3303,0.0553,3257,3261,3272,3282,3309,3345,3365,3367,3359,3335,3306,3274,jan,aug,110,2016-05,12
11413,Queens County,2964,,2928,2929,2942,2959,2980,3000,3010,3015,3007,2987,2959,2936,jan,aug,87,2026-04,5
11415,Queens County,2374,0.0722,2357,2368,2372,2392,2377,2394,2392,2422,2418,2377,2349,2341,dec,aug,81,2021-01,12
11416,Queens County,2896,,2862,2862,2875,2891,2912,2932,2941,2946,2938,2919,2892,2869,jan,aug,84,2026-07,2
11418,Queens County,2708,0.0803,2675,2676,2688,2703,2722,2741,2750,2754,2747,2729,2704,2682,jan,aug,79,2024-06,12
11421,Queens County,2817,,2783,2784,2797,2812,2832,2852,2861,2866,2858,2840,2813,2790,jan,aug,83,2026-03,5
11426,Queens County,3388,,3348,3348,3363,3382,3406,3430,3441,3446,3437,3415,3383,3356,jan,aug,98,2026-05,4
11432,Queens County,2592,0.0365,2581,2597,2588,2615,2628,2639,2600,2580,2582,2587,2584,2580,aug,jun,59,2016-12,12
11433,Queens County,2899,0.0504,2864,2865,2878,2894,2914,2935,2944,2949,2941,2922,2895,2871,jan,aug,85,2025-07,12
11435,Queens County,2347,0.0242,2321,2323,2342,2341,2348,2352,2369,2370,2376,2374,2367,2340,jan,sep,55,2015-05,12
11691,Queens County,3395,,3354,3355,3370,3389,3413,3436,3447,3453,3443,3421,3389,3362,jan,aug,99,2026-07,2
11692,Queens County,3194,,3155,3156,3170,3188,3211,3233,3243,3249,3240,3219,3189,3163,jan,aug,94,2026-03,6
