zip,month,avg_rent,season_idx,n_years
10001,1,5360,0.9781,9
10001,2,5371,0.9802,9
10001,3,5405,0.9864,9
10001,4,5462,0.9968,10
10001,5,5522,1.0076,10
10001,6,5573,1.017,10
10001,7,5593,1.0206,9
10001,8,5608,1.0234,9
10001,9,5585,1.0191,9
10001,10,5546,1.012,9
10001,11,5461,0.9966,9
10001,12,5391,0.9837,9
10002,1,4430,0.9835,9
10002,2,4447,0.9871,9
10002,3,4474,0.9933,9
10002,4,4498,0.9985,10
10002,5,4531,1.0059,10
10002,6,4573,1.0153,10
10002,7,4589,1.0189,9
10002,8,4596,1.0202,9
10002,9,4571,1.0148,9
10002,10,4530,1.0057,9
10002,11,4472,0.9927,9
10002,12,4436,0.9849,9
10003,1,4896,0.9825,9
10003,2,4906,0.9847,9
10003,3,4951,0.9936,9
10003,4,4994,1.0023,10
10003,5,5038,1.0112,10
10003,6,5063,1.0161,10
10003,7,5076,1.0188,9
10003,8,5078,1.0192,9
10003,9,5053,1.0142,9
10003,10,5006,1.0047,9
10003,11,4952,0.9938,9
10003,12,4911,0.9856,9
10004,1,4650,0.9734,7
10004,2,4680,0.9796,7
10004,3,4739,0.9919,7
10004,4,4778,1.0002,8
10004,5,4824,1.0097,8
10004,6,4865,1.0184,8
10004,7,4892,1.0241,7
10004,8,4898,1.0252,7
10004,9,4890,1.0236,7
10004,10,4833,1.0117,7
10004,11,4748,0.9939,7
10004,12,4656,0.9746,7
10005,1,4490,0.9863,9
10005,2,4492,0.9866,9
10005,3,4522,0.9932,9
10005,4,4544,0.9981,10
10005,5,4577,1.0054,10
10005,6,4611,1.0129,10
10005,7,4621,1.0149,9
10005,8,4631,1.0172,9
10005,9,4620,1.0148,9
10005,10,4593,1.0088,9
10005,11,4545,0.9983,9
10005,12,4491,0.9864,9
10006,1,4666,0.9791,5
10006,2,4677,0.9813,5
10006,3,4736,0.9936,5
10006,4,4775,1.0019,5
10006,5,4819,1.0112,5
10006,6,4861,1.0199,5
10006,7,4888,1.0256,4
10006,8,4850,1.0177,4
10006,9,4830,1.0134,4
10006,10,4811,1.0094,4
10006,11,4774,1.0018,4
10006,12,4688,0.9837,4
10007,1,8190,0.9695,7
10007,2,8219,0.9731,7
10007,3,8337,0.987,7
10007,4,8489,1.0049,8
10007,5,8589,1.0168,8
10007,6,8672,1.0266,8
10007,7,8619,1.0204,7
10007,8,8612,1.0195,7
10007,9,8633,1.022,7
10007,10,8559,1.0132,7
10007,11,8436,0.9987,7
10007,12,8222,0.9734,7
10009,1,4688,0.9807,9
10009,2,4686,0.9802,9
10009,3,4709,0.985,9
10009,4,4763,0.9963,10
10009,5,4830,1.0102,10
10009,6,4890,1.0228,10
10009,7,4901,1.0251,9
10009,8,4895,1.0239,9
10009,9,4862,1.017,9
10009,10,4808,1.0056,9
10009,11,4743,0.992,9
10009,12,4697,0.9824,9
10010,1,5090,0.9844,9
10010,2,5104,0.9871,9
10010,3,5127,0.9914,9
10010,4,5160,0.9978,10
10010,5,5199,1.0054,10
10010,6,5252,1.0156,10
10010,7,5284,1.0219,9
10010,8,5288,1.0228,9
10010,9,5252,1.0158,9
10010,10,5193,1.0043,9
10010,11,5130,0.9921,9
10010,12,5092,0.9849,9
10011,1,5523,0.9846,9
10011,2,5542,0.988,9
10011,3,5568,0.9926,9
10011,4,5608,0.9997,10
10011,5,5638,1.005,10
10011,6,5681,1.0127,10
10011,7,5698,1.0158,9
10011,8,5724,1.0204,9
10011,9,5700,1.0162,9
10011,10,5652,1.0076,9
10011,11,5576,0.994,9
10011,12,5530,0.9858,9
10012,1,4906,0.9865,9
10012,2,4899,0.9853,9
10012,3,4927,0.9909,9
10012,4,4958,0.997,10
10012,5,5018,1.0091,10
10012,6,5054,1.0163,10
10012,7,5078,1.0213,9
10012,8,5067,1.0191,9
10012,9,5048,1.0152,9
10012,10,4985,1.0026,9
10012,11,4947,0.9949,9
10012,12,4902,0.9858,9
10013,1,6024,0.9805,9
10013,2,6021,0.98,9
10013,3,6097,0.9924,9
10013,4,6158,1.0024,10
10013,5,6211,1.0109,10
10013,6,6259,1.0187,10
10013,7,6266,1.0199,9
10013,8,6279,1.022,9
10013,9,6236,1.015,9
10013,10,6169,1.0042,9
10013,11,6108,0.9942,9
10013,12,6038,0.9827,9
10014,1,5757,0.9852,9
10014,2,5775,0.9883,9
10014,3,5785,0.9901,9
10014,4,5842,0.9998,10
10014,5,5890,1.0081,10
10014,6,5932,1.0152,10
10014,7,5939,1.0165,9
10014,8,5955,1.0192,9
10014,9,5926,1.0143,9
10014,10,5888,1.0077,9
10014,11,5802,0.993,9
10014,12,5780,0.9893,9
10016,1,4884,0.982,9
10016,2,4897,0.9847,9
10016,3,4924,0.9901,9
10016,4,4950,0.9953,10
10016,5,4994,1.004,10
10016,6,5051,1.0156,10
10016,7,5084,1.0221,9
10016,8,5093,1.024,9
10016,9,5067,1.0188,9
10016,10,5014,1.0082,9
10016,11,4947,0.9946,9
10016,12,4890,0.9832,9
10017,1,4269,0.9835,9
10017,2,4280,0.986,9
10017,3,4298,0.9902,9
10017,4,4338,0.9995,10
10017,5,4364,1.0053,10
10017,6,4402,1.0143,10
10017,7,4415,1.0173,9
10017,8,4424,1.0193,9
10017,9,4403,1.0145,9
10017,10,4378,1.0086,9
10017,11,4323,0.9959,9
10017,12,4289,0.9882,9
10018,1,4860,0.9831,9
10018,2,4872,0.9855,9
10018,3,4891,0.9894,9
10018,4,4939,0.9992,10
10018,5,4985,1.0084,10
10018,6,5026,1.0167,10
10018,7,5029,1.0174,9
10018,8,5030,1.0175,9
10018,9,5014,1.0143,9
10018,10,4978,1.007,9
10018,11,4910,0.9933,9
10018,12,4869,0.9849,9
10019,1,4562,0.9827,9
10019,2,4571,0.9845,9
10019,3,4582,0.987,9
10019,4,4620,0.9951,10
10019,5,4664,1.0047,10
10019,6,4714,1.0155,10
10019,7,4733,1.0196,9
10019,8,4741,1.0212,9
10019,9,4726,1.0181,9
10019,10,4685,1.0092,9
10019,11,4622,0.9956,9
10019,12,4578,0.9862,9
10021,1,3854,0.9799,9
10021,2,3874,0.985,9
10021,3,3909,0.9941,9
10021,4,3947,1.0037,10
10021,5,3964,1.0079,10
10021,6,3998,1.0167,10
10021,7,4013,1.0204,9
10021,8,4017,1.0214,9
10021,9,3997,1.0164,9
10021,10,3958,1.0064,9
10021,11,3908,0.9937,9
10021,12,3861,0.9817,9
10022,1,4823,0.9876,9
10022,2,4840,0.9911,9
10022,3,4858,0.9948,9
10022,4,4893,1.0019,10
10022,5,4916,1.0067,10
10022,6,4944,1.0125,10
10022,7,4956,1.0149,9
10022,8,4959,1.0154,9
10022,9,4942,1.012,9
10022,10,4906,1.0047,9
10022,11,4863,0.9959,9
10022,12,4837,0.9905,9
10023,1,4689,0.9852,9
10023,2,4707,0.9891,9
10023,3,4731,0.994,9
10023,4,4767,1.0017,10
10023,5,4795,1.0074,10
10023,6,4816,1.0119,10
10023,7,4823,1.0134,9
10023,8,4820,1.0127,9
10023,9,4816,1.0119,9
10023,10,4794,1.0072,9
10023,11,4755,0.9992,9
10023,12,4710,0.9897,9
10024,1,4237,0.9885,9
10024,2,4231,0.9871,9
10024,3,4250,0.9914,9
10024,4,4281,0.9987,10
10024,5,4314,1.0065,10
10024,6,4338,1.0119,10
10024,7,4347,1.0141,9
10024,8,4355,1.016,9
10024,9,4347,1.0141,9
10024,10,4320,1.0077,9
10024,11,4283,0.9991,9
10024,12,4247,0.9908,9
10025,1,4460,0.9826,9
10025,2,4468,0.9845,9
10025,3,4479,0.9869,9
10025,4,4513,0.9942,10
10025,5,4554,1.0034,10
10025,6,4605,1.0147,10
10025,7,4634,1.021,9
10025,8,4645,1.0234,9
10025,9,4633,1.0208,9
10025,10,4585,1.0102,9
10025,11,4524,0.9968,9
10025,12,4474,0.9857,9
10026,1,3430,0.978,9
10026,2,3456,0.9855,9
10026,3,3493,0.9959,9
10026,4,3507,1.0,10
10026,5,3528,1.0058,10
10026,6,3563,1.016,10
10026,7,3581,1.0211,9
10026,8,3602,1.027,9
10026,9,3574,1.0192,9
10026,10,3540,1.0092,9
10026,11,3476,0.991,9
10026,12,3427,0.977,9
10027,1,3721,0.988,9
10027,2,3713,0.986,9
10027,3,3724,0.9888,9
10027,4,3748,0.9952,10
10027,5,3784,1.0046,10
10027,6,3828,1.0165,10
10027,7,3844,1.0207,9
10027,8,3859,1.0247,9
10027,9,3832,1.0174,9
10027,10,3782,1.0044,9
10027,11,3735,0.9919,9
10027,12,3712,0.9856,9
10028,1,3772,0.9865,9
10028,2,3783,0.9895,9
10028,3,3809,0.9961,9
10028,4,3827,1.0009,10
10028,5,3849,1.0068,10
10028,6,3876,1.0137,10
10028,7,3886,1.0164,9
10028,8,3889,1.0171,9
10028,9,3870,1.0122,9
10028,10,3842,1.005,9
10028,11,3807,0.9956,9
10028,12,3775,0.9872,9
10029,1,3320,0.9825,9
10029,2,3331,0.986,9
10029,3,3348,0.991,9
10029,4,3378,0.9997,10
10029,5,3405,1.0078,10
10029,6,3437,1.0174,10
10029,7,3451,1.0214,9
10029,8,3454,1.0223,9
10029,9,3430,1.0151,9
10029,10,3391,1.0037,9
10029,11,3347,0.9908,9
10029,12,3329,0.9854,9
10030,1,2731,0.9644,5
10030,2,2744,0.9688,5
10030,3,2784,0.9829,5
10030,4,2829,0.9991,5
10030,5,2871,1.0139,5
10030,6,2897,1.0228,5
10030,7,2911,1.0279,4
10030,8,2932,1.0354,4
10030,9,2935,1.0365,4
10030,10,2891,1.021,4
10030,11,2823,0.9968,4
10030,12,2754,0.9724,4
10031,1,3005,0.9844,9
10031,2,2996,0.9816,9
10031,3,3010,0.9863,9
10031,4,3029,0.9926,10
10031,5,3051,0.9997,10
10031,6,3090,1.0123,10
10031,7,3109,1.0185,9
10031,8,3131,1.0257,9
10031,9,3115,1.0205,9
10031,10,3093,1.0133,9
10031,11,3054,1.0007,9
10031,12,3018,0.9888,9
10032,1,2957,0.9895,9
10032,2,2948,0.9865,9
10032,3,2961,0.9909,9
10032,4,2981,0.9974,10
10032,5,3003,1.0048,10
10032,6,3026,1.0125,10
10032,7,3033,1.0147,9
10032,8,3040,1.0171,9
10032,9,3024,1.0118,9
10032,10,3009,1.0069,9
10032,11,2984,0.9985,9
10032,12,2968,0.993,9
10033,1,3025,0.9874,9
10033,2,3024,0.9869,9
10033,3,3025,0.9875,9
10033,4,3042,0.9928,9
10033,5,3070,1.0021,9
10033,6,3094,1.0097,10
10033,7,3110,1.0151,9
10033,8,3119,1.0179,9
10033,9,3108,1.0144,9
10033,10,3105,1.0135,9
10033,11,3070,1.0019,9
10033,12,3050,0.9956,9
10034,1,2504,0.9963,9
10034,2,2504,0.9962,9
10034,3,2501,0.995,9
10034,4,2501,0.995,9
10034,5,2508,0.998,9
10034,6,2518,1.002,9
10034,7,2537,1.0094,8
10034,8,2545,1.0125,8
10034,9,2548,1.0138,9
10034,10,2533,1.0077,9
10034,11,2522,1.0034,9
10034,12,2506,0.9969,9
10035,1,3127,0.9861,9
10035,2,3120,0.9838,9
10035,3,3132,0.9876,9
10035,4,3167,0.9984,10
10035,5,3189,1.0055,10
10035,6,3208,1.0114,10
10035,7,3221,1.0155,9
10035,8,3225,1.0169,9
10035,9,3219,1.015,9
10035,10,3207,1.0111,9
10035,11,3179,1.0024,9
10035,12,3163,0.9973,9
10036,1,4470,0.9829,9
10036,2,4481,0.9853,9
10036,3,4507,0.9908,9
10036,4,4533,0.9967,10
10036,5,4577,1.0064,10
10036,6,4624,1.0167,10
10036,7,4647,1.0217,9
10036,8,4641,1.0205,9
10036,9,4618,1.0153,9
10036,10,4573,1.0054,9
10036,11,4516,0.993,9
10036,12,4469,0.9827,9
10037,1,2711,0.9886,8
10037,2,2716,0.9905,7
10037,3,2745,1.0009,8
10037,4,2755,1.0047,8
10037,5,2782,1.0147,8
10037,6,2804,1.0227,7
10037,7,2805,1.0228,7
10037,8,2784,1.0152,8
10037,9,2746,1.0014,8
10037,10,2724,0.9935,8
10037,11,2708,0.9876,8
10037,12,2699,0.9844,8
10038,1,4708,0.9794,9
10038,2,4712,0.9803,9
10038,3,4739,0.9859,9
10038,4,4796,0.9976,10
10038,5,4849,1.0087,10
10038,6,4893,1.0179,10
10038,7,4915,1.0223,9
10038,8,4929,1.0254,9
10038,9,4918,1.023,9
10038,10,4854,1.0098,9
10038,11,4778,0.994,9
10038,12,4713,0.9803,9
10039,1,3120,0.983,5
10039,2,3113,0.9807,5
10039,3,3132,0.9869,5
10039,4,3165,0.9973,5
10039,5,3195,1.0068,5
10039,6,3221,1.0147,5
10039,7,3270,1.0302,4
10039,8,3250,1.024,4
10039,9,3240,1.0209,4
10039,10,3189,1.0048,4
10039,11,3192,1.0057,4
10039,12,3156,0.9945,4
10040,1,2651,0.9954,9
10040,2,2641,0.9919,9
10040,3,2635,0.9894,9
10040,4,2644,0.9927,10
10040,5,2662,0.9997,10
10040,6,2677,1.0051,10
10040,7,2700,1.0137,9
10040,8,2706,1.016,9
10040,9,2707,1.0165,9
10040,10,2686,1.0087,9
10040,11,2669,1.0021,9
10040,12,2655,0.9971,9
10044,1,4177,0.988,2
10044,2,4178,0.9883,2
10044,3,4118,0.974,3
10044,4,4197,0.9927,3
10044,5,4253,1.0059,3
10044,6,4291,1.0148,3
10044,7,4293,1.0155,2
10044,8,4301,1.0172,2
10044,9,4289,1.0144,2
10044,10,4262,1.0079,2
10044,11,4221,0.9985,2
10044,12,4188,0.9905,2
10065,1,4573,0.9916,9
10065,2,4558,0.9884,9
10065,3,4574,0.9918,9
10065,4,4608,0.9992,10
10065,5,4647,1.0077,10
10065,6,4681,1.015,10
10065,7,4690,1.0169,9
10065,8,4682,1.0153,9
10065,9,4653,1.0089,9
10065,10,4619,1.0015,9
10065,11,4594,0.9962,9
10065,12,4579,0.993,9
10069,1,5797,0.9812,5
10069,2,5776,0.9776,5
10069,3,5848,0.9898,5
10069,4,5911,1.0005,5
10069,5,5971,1.0107,5
10069,6,6017,1.0184,5
10069,7,6059,1.0256,4
10069,8,6072,1.0278,4
10069,9,6041,1.0225,4
10069,10,5953,1.0076,4
10069,11,5902,0.999,4
10069,12,5795,0.9808,4
10075,1,3708,0.9854,9
10075,2,3713,0.9866,9
10075,3,3725,0.9899,9
10075,4,3765,1.0005,10
10075,5,3782,1.0051,10
10075,6,3806,1.0115,10
10075,7,3818,1.0146,9
10075,8,3826,1.0168,9
10075,9,3828,1.0174,9
10075,10,3801,1.0101,9
10075,11,3770,1.0019,9
10075,12,3732,0.9918,9
10128,1,3947,0.983,9
10128,2,3952,0.9842,9
10128,3,3979,0.991,9
10128,4,4011,0.999,10
10128,5,4050,1.0088,10
10128,6,4085,1.0174,10
10128,7,4097,1.0203,9
10128,8,4096,1.0201,9
10128,9,4075,1.0148,9
10128,10,4038,1.0057,9
10128,11,3998,0.9958,9
10128,12,3962,0.9866,9
10162,1,7431,0.988,0
10162,2,7433,0.9883,0
10162,3,7467,0.9927,0
10162,4,7509,0.9983,0
10162,5,7562,1.0053,0
10162,6,7614,1.0123,0
10162,7,7638,1.0155,0
10162,8,7651,1.0172,0
10162,9,7630,1.0144,0
10162,10,7581,1.0079,0
10162,11,7510,0.9985,0
10162,12,7450,0.9905,0
10280,1,4862,0.9675,8
10280,2,4872,0.9695,8
10280,3,4941,0.9832,8
10280,4,5009,0.9968,9
10280,5,5073,1.0095,9
10280,6,5123,1.0195,9
10280,7,5182,1.0313,8
10280,8,5193,1.0334,8
10280,9,5159,1.0267,8
10280,10,5081,1.0111,8
10280,11,4999,0.9948,8
10280,12,4901,0.9753,8
10282,1,7180,0.9785,5
10282,2,7211,0.9827,5
10282,3,7367,1.0041,5
10282,4,7418,1.011,5
10282,5,7466,1.0175,5
10282,6,7478,1.0191,5
10282,7,7450,1.0154,4
10282,8,7431,1.0127,4
10282,9,7433,1.013,4
10282,10,7398,1.0082,4
10282,11,7328,0.9987,4
10282,12,7183,0.979,4
10301,1,2794,1.0042,4
10301,2,2788,1.002,4
10301,3,2809,1.0096,4
10301,4,2821,1.0139,4
10301,5,2823,1.0146,4
10301,6,2808,1.0093,4
10301,7,2813,1.0111,4
10301,8,2797,1.0051,4
10301,9,2766,0.994,4
10301,10,2731,0.9816,4
10301,11,2746,0.987,4
10301,12,2762,0.9927,4
10302,1,2991,0.988,0
10302,2,2992,0.9883,0
10302,3,3005,0.9927,0
10302,4,3022,0.9983,0
10302,5,3043,1.0053,0
10302,6,3064,1.0123,0
10302,7,3074,1.0155,0
10302,8,3079,1.0172,0
10302,9,3071,1.0144,0
10302,10,3051,1.0079,0
10302,11,3022,0.9985,0
10302,12,2998,0.9905,0
10304,1,2542,1.001,5
10304,2,2550,1.004,5
10304,3,2562,1.0085,5
10304,4,2593,1.0207,5
10304,5,2605,1.0257,5
10304,6,2589,1.0194,5
10304,7,2555,1.006,4
10304,8,2528,0.9954,4
10304,9,2500,0.9841,4
10304,10,2489,0.9799,4
10304,11,2497,0.9831,4
10304,12,2531,0.9966,4
10305,1,2686,1.0092,3
10305,2,2630,0.9883,2
10305,3,2673,1.0043,3
10305,4,2694,1.0122,3
10305,5,2705,1.0163,4
10305,6,2685,1.009,4
10305,7,2643,0.9929,3
10305,8,2642,0.9926,3
10305,9,2653,0.997,3
10305,10,2647,0.9946,3
10305,11,2633,0.9893,3
10305,12,2647,0.9946,3
10306,1,2543,0.988,1
10306,2,2544,0.9883,2
10306,3,2556,0.9927,2
10306,4,2570,0.9983,2
10306,5,2588,1.0053,2
10306,6,2606,1.0123,2
10306,7,2614,1.0155,1
10306,8,2619,1.0172,1
10306,9,2611,1.0144,1
10306,10,2595,1.0079,1
10306,11,2570,0.9985,1
10306,12,2550,0.9905,1
10307,1,1951,0.988,0
10307,2,1952,0.9883,0
10307,3,1961,0.9927,0
10307,4,1972,0.9983,0
10307,5,1986,1.0053,0
10307,6,1999,1.0123,0
10307,7,2006,1.0155,0
10307,8,2009,1.0172,0
10307,9,2003,1.0144,0
10307,10,1991,1.0079,0
10307,11,1972,0.9985,0
10307,12,1956,0.9905,0
10308,1,1882,0.988,0
10308,2,1883,0.9883,0
10308,3,1891,0.9927,0
10308,4,1902,0.9983,0
10308,5,1915,1.0053,0
10308,6,1929,1.0123,0
10308,7,1935,1.0155,0
10308,8,1938,1.0172,0
10308,9,1933,1.0144,0
10308,10,1920,1.0079,0
10308,11,1902,0.9985,0
10308,12,1887,0.9905,0
10309,1,2063,0.988,1
10309,2,2064,0.9883,1
10309,3,2073,0.9927,1
10309,4,2085,0.9983,2
10309,5,2099,1.0053,2
10309,6,2114,1.0123,2
10309,7,2120,1.0155,1
10309,8,2124,1.0172,1
10309,9,2118,1.0144,1
10309,10,2105,1.0079,1
10309,11,2085,0.9985,1
10309,12,2068,0.9905,1
10310,1,3020,0.988,0
10310,2,3021,0.9883,0
10310,3,3035,0.9927,0
10310,4,3052,0.9983,0
10310,5,3073,1.0053,0
10310,6,3095,1.0123,0
10310,7,3104,1.0155,0
10310,8,3110,1.0172,0
10310,9,3101,1.0144,0
10310,10,3081,1.0079,0
10310,11,3052,0.9985,0
10310,12,3028,0.9905,0
10312,1,2225,1.0188,4
10312,2,2218,1.0157,5
10312,3,2217,1.0151,5
10312,4,2173,0.995,5
10312,5,2188,1.0018,5
10312,6,2163,0.9905,5
10312,7,2178,0.9976,4
10312,8,2195,1.0054,4
10312,9,2187,1.0014,4
10312,10,2160,0.989,4
10312,11,2162,0.9902,4
10312,12,2207,1.0106,4
10314,1,2521,1.0047,5
10314,2,2506,0.9985,5
10314,3,2498,0.9954,5
10314,4,2490,0.9922,5
10314,5,2487,0.9911,5
10314,6,2508,0.9995,5
10314,7,2509,0.9998,4
10314,8,2525,1.0061,4
10314,9,2533,1.0093,4
10314,10,2548,1.0153,4
10314,11,2544,1.0137,4
10314,12,2529,1.0079,4
10451,1,2926,0.9925,3
10451,2,2949,1.0002,3
10451,3,2982,1.0115,3
10451,4,2976,1.0094,4
10451,5,2936,0.9956,4
10451,6,2952,1.0011,4
10451,7,2965,1.0057,3
10451,8,2977,1.0095,3
10451,9,2930,0.9938,3
10451,10,2945,0.9989,3
10451,11,2952,1.0013,3
10451,12,2951,1.0008,3
10452,1,2385,0.988,0
10452,2,2386,0.9883,0
10452,3,2396,0.9927,0
10452,4,2410,0.9983,0
10452,5,2427,1.0053,0
10452,6,2444,1.0123,0
10452,7,2451,1.0155,0
10452,8,2456,1.0172,0
10452,9,2449,1.0144,0
10452,10,2433,1.0079,0
10452,11,2410,0.9985,0
10452,12,2391,0.9905,0
10453,1,2309,0.988,0
10453,2,2309,0.9883,0
10453,3,2320,0.9927,0
10453,4,2333,0.9983,0
10453,5,2349,1.0053,0
10453,6,2366,1.0123,0
10453,7,2373,1.0155,0
10453,8,2377,1.0172,0
10453,9,2371,1.0144,0
10453,10,2355,1.0079,0
10453,11,2333,0.9985,0
10453,12,2315,0.9905,0
10454,1,2792,0.9863,4
10454,2,2820,0.9963,4
10454,3,2873,1.0149,4
10454,4,2850,1.0066,4
10454,5,2869,1.0133,4
10454,6,2869,1.0134,5
10454,7,2874,1.0152,4
10454,8,2889,1.0206,4
10454,9,2842,1.004,4
10454,10,2811,0.993,4
10454,11,2758,0.9743,4
10454,12,2751,0.9716,4
10456,1,2184,0.988,1
10456,2,2185,0.9883,1
10456,3,2194,0.9927,1
10456,4,2207,0.9983,1
10456,5,2222,1.0053,1
10456,6,2238,1.0123,1
10456,7,2245,1.0155,0
10456,8,2249,1.0172,0
10456,9,2242,1.0144,0
10456,10,2228,1.0079,0
10456,11,2207,0.9985,0
10456,12,2189,0.9905,0
10457,1,2360,0.988,0
10457,2,2360,0.9883,0
10457,3,2371,0.9927,0
10457,4,2384,0.9983,0
10457,5,2401,1.0053,0
10457,6,2418,1.0123,0
10457,7,2425,1.0155,0
10457,8,2429,1.0172,0
10457,9,2423,1.0144,0
10457,10,2407,1.0079,0
10457,11,2385,0.9985,0
10457,12,2365,0.9905,0
10458,1,2681,1.0008,8
10458,2,2694,1.0058,8
10458,3,2688,1.0035,7
10458,4,2728,1.0184,8
10458,5,2720,1.0154,9
10458,6,2678,0.9999,9
10458,7,2667,0.9959,8
10458,8,2644,0.9873,8
10458,9,2661,0.9935,8
10458,10,2670,0.9968,8
10458,11,2691,1.0048,8
10458,12,2698,1.0072,8
10461,1,2646,1.003,6
10461,2,2622,0.9938,6
10461,3,2621,0.9935,7
10461,4,2630,0.9967,7
10461,5,2678,1.0151,7
10461,6,2662,1.009,7
10461,7,2649,1.0042,6
10461,8,2640,1.0005,6
10461,9,2665,1.0101,6
10461,10,2646,1.003,6
10461,11,2631,0.9972,6
10461,12,2620,0.9931,6
10462,1,2426,0.9954,7
10462,2,2441,1.0014,7
10462,3,2462,1.0103,7
10462,4,2454,1.0069,7
10462,5,2475,1.0154,8
10462,6,2479,1.0172,8
10462,7,2469,1.0132,7
10462,8,2457,1.0082,7
10462,9,2427,0.9958,7
10462,10,2422,0.9938,7
10462,11,2396,0.9831,7
10462,12,2409,0.9884,6
10463,1,3124,0.9913,9
10463,2,3127,0.9921,9
10463,3,3148,0.9986,9
10463,4,3149,0.9992,9
10463,5,3153,1.0002,9
10463,6,3179,1.0087,9
10463,7,3193,1.0129,8
10463,8,3188,1.0115,8
10463,9,3182,1.0095,9
10463,10,3166,1.0044,9
10463,11,3169,1.0055,8
10463,12,3119,0.9896,9
10465,1,2799,0.9895,5
10465,2,2781,0.9832,5
10465,3,2842,1.0048,5
10465,4,2850,1.0074,5
10465,5,2892,1.0223,5
10465,6,2860,1.011,5
10465,7,2828,0.9997,4
10465,8,2814,0.9949,4
10465,9,2810,0.9932,4
10465,10,2864,1.0124,4
10465,11,2872,1.0151,4
10465,12,2851,1.0077,4
10466,1,3176,0.988,1
10466,2,3176,0.9883,1
10466,3,3191,0.9927,1
10466,4,3209,0.9983,1
10466,5,3231,1.0053,1
10466,6,3254,1.0123,1
10466,7,3264,1.0155,0
10466,8,3269,1.0172,0
10466,9,3260,1.0144,0
10466,10,3240,1.0079,0
10466,11,3209,0.9985,0
10466,12,3184,0.9905,0
10467,1,2303,0.9905,8
10467,2,2319,0.9973,8
10467,3,2334,1.0039,8
10467,4,2328,1.0012,8
10467,5,2326,1.0003,8
10467,6,2347,1.0094,8
10467,7,2363,1.0164,7
10467,8,2343,1.0076,8
10467,9,2336,1.0047,8
10467,10,2330,1.0021,8
10467,11,2331,1.0026,8
10467,12,2319,0.9973,8
10468,1,2101,0.9808,4
10468,2,2117,0.9882,4
10468,3,2157,1.0071,4
10468,4,2158,1.0071,4
10468,5,2142,0.9998,4
10468,6,2153,1.0051,4
10468,7,2141,0.9994,3
10468,8,2151,1.0043,4
10468,9,2165,1.0107,4
10468,10,2191,1.0229,4
10468,11,2165,1.0105,4
10468,12,2114,0.9866,4
10469,1,2880,0.9944,4
10469,2,2932,1.012,4
10469,3,2912,1.0053,4
10469,4,2934,1.0129,4
10469,5,2874,0.992,4
10469,6,2934,1.0128,4
10469,7,2875,0.9925,3
10469,8,2897,1.0001,4
10469,9,2884,0.9956,4
10469,10,2943,1.016,4
10469,11,2924,1.0095,4
10469,12,2901,1.0015,4
10471,1,2797,0.988,0
10471,2,2798,0.9883,0
10471,3,2810,0.9927,0
10471,4,2826,0.9983,0
10471,5,2846,1.0053,0
10471,6,2866,1.0123,0
10471,7,2875,1.0155,0
10471,8,2880,1.0172,0
10471,9,2872,1.0144,0
10471,10,2853,1.0079,0
10471,11,2827,0.9985,0
10471,12,2804,0.9905,0
10472,1,2791,0.988,0
10472,2,2791,0.9883,0
10472,3,2804,0.9927,0
10472,4,2820,0.9983,0
10472,5,2840,1.0053,0
10472,6,2859,1.0123,0
10472,7,2868,1.0155,0
10472,8,2873,1.0172,0
10472,9,2865,1.0144,0
10472,10,2847,1.0079,0
10472,11,2820,0.9985,0
10472,12,2798,0.9905,0
10473,1,2716,0.988,0
10473,2,2717,0.9883,0
10473,3,2729,0.9927,0
10473,4,2745,0.9983,0
10473,5,2764,1.0053,0
10473,6,2783,1.0123,0
10473,7,2792,1.0155,0
10473,8,2797,1.0172,0
10473,9,2789,1.0144,0
10473,10,2771,1.0079,0
10473,11,2745,0.9985,0
10473,12,2723,0.9905,0
11101,1,4217,0.9881,9
11101,2,4205,0.9854,9
11101,3,4216,0.988,9
11101,4,4238,0.9931,10
11101,5,4263,0.9989,10
11101,6,4292,1.0057,10
11101,7,4325,1.0134,9
11101,8,4349,1.019,9
11101,9,4353,1.02,9
11101,10,4334,1.0157,9
11101,11,4283,1.0037,9
11101,12,4232,0.9917,9
11102,1,3280,0.9896,9
11102,2,3278,0.9891,9
11102,3,3281,0.9898,9
11102,4,3300,0.9958,9
11102,5,3318,1.0012,9
11102,6,3327,1.0037,10
11102,7,3347,1.0098,9
11102,8,3354,1.0119,9
11102,9,3369,1.0165,9
11102,10,3357,1.0128,9
11102,11,3331,1.0051,9
11102,12,3301,0.9958,9
11103,1,3061,0.9927,9
11103,2,3027,0.9818,9
11103,3,3027,0.9817,9
11103,4,3042,0.9865,10
11103,5,3075,0.9972,10
11103,6,3112,1.0092,10
11103,7,3136,1.0172,9
11103,8,3129,1.0146,9
11103,9,3127,1.0142,9
11103,10,3124,1.0131,9
11103,11,3122,1.0126,9
11103,12,3095,1.0036,9
11104,1,2722,1.0045,5
11104,2,2672,0.986,5
11104,3,2674,0.9867,5
11104,4,2659,0.9812,5
11104,5,2693,0.9938,5
11104,6,2706,0.9986,5
11104,7,2742,1.0119,4
11104,8,2785,1.0276,4
11104,9,2785,1.0279,4
11104,10,2763,1.0197,4
11104,11,2732,1.0081,4
11104,12,2721,1.0043,4
11105,1,2987,0.9923,5
11105,2,3001,0.9969,5
11105,3,3003,0.9974,5
11105,4,3021,1.0036,5
11105,5,3027,1.0054,5
11105,6,3048,1.0124,5
11105,7,3061,1.0167,4
11105,8,3078,1.0225,4
11105,9,3053,1.0141,4
11105,10,3017,1.0022,4
11105,11,2986,0.9917,4
11105,12,2980,0.9897,4
11106,1,3120,0.9887,9
11106,2,3118,0.9881,9
11106,3,3118,0.988,9
11106,4,3130,0.9918,9
11106,5,3140,0.9948,9
11106,6,3176,1.0065,9
11106,7,3205,1.0156,9
11106,8,3216,1.0192,9
11106,9,3200,1.014,9
11106,10,3199,1.0136,9
11106,11,3179,1.0074,8
11106,12,3153,0.9992,9
11109,1,4219,0.9714,8
11109,2,4218,0.9711,8
11109,3,4265,0.9821,8
11109,4,4318,0.9942,8
11109,5,4378,1.008,8
11109,6,4434,1.0208,8
11109,7,4482,1.032,7
11109,8,4492,1.0343,8
11109,9,4465,1.0281,8
11109,10,4393,1.0115,8
11109,11,4317,0.994,8
11109,12,4237,0.9757,8
11201,1,4464,0.9851,9
11201,2,4481,0.9889,9
11201,3,4517,0.9968,9
11201,4,4538,1.0015,10
11201,5,4562,1.0067,10
11201,6,4573,1.0091,10
11201,7,4598,1.0146,9
11201,8,4606,1.0165,9
11201,9,4597,1.0144,9
11201,10,4566,1.0077,9
11201,11,4514,0.9961,9
11201,12,4472,0.9868,9
11203,1,2782,0.9877,5
11203,2,2800,0.9943,5
11203,3,2786,0.9894,5
11203,4,2785,0.9889,5
11203,5,2792,0.9914,5
11203,6,2837,1.0074,5
11203,7,2862,1.0162,4
11203,8,2847,1.0108,4
11203,9,2860,1.0156,4
11203,10,2882,1.0232,4
11203,11,2861,1.0158,4
11203,12,2822,1.002,4
11204,1,2381,0.9742,3
11204,2,2415,0.9881,3
11204,3,2471,1.0111,3
11204,4,2469,1.0102,3
11204,5,2459,1.006,3
11204,6,2417,0.9888,4
11204,7,2459,1.0062,3
11204,8,2479,1.0142,3
11204,9,2499,1.0223,3
11204,10,2499,1.0223,3
11204,11,2468,1.0098,3
11204,12,2423,0.9913,3
11205,1,3815,0.9851,9
11205,2,3824,0.9874,9
11205,3,3844,0.9924,9
11205,4,3863,0.9975,10
11205,5,3893,1.005,10
11205,6,3930,1.0147,10
11205,7,3948,1.0192,9
11205,8,3962,1.023,9
11205,9,3946,1.0188,9
11205,10,3903,1.0077,9
11205,11,3845,0.9928,9
11205,12,3814,0.9848,9
11206,1,3821,0.986,9
11206,2,3815,0.9843,9
11206,3,3824,0.9868,9
11206,4,3850,0.9936,10
11206,5,3895,1.0051,10
11206,6,3934,1.0151,10
11206,7,3949,1.019,9
11206,8,3960,1.0218,9
11206,9,3943,1.0175,9
11206,10,3912,1.0094,9
11206,11,3868,0.9981,9
11206,12,3839,0.9905,9
11207,1,3199,0.9942,9
11207,2,3191,0.9918,9
11207,3,3182,0.9891,9
11207,4,3171,0.9858,10
11207,5,3206,0.9967,10
11207,6,3251,1.0107,10
11207,7,3259,1.0129,9
11207,8,3264,1.0145,9
11207,9,3275,1.0181,9
11207,10,3260,1.0133,9
11207,11,3241,1.0074,9
11207,12,3209,0.9973,9
11208,1,2905,1.0057,4
11208,2,2886,0.999,4
11208,3,2911,1.0079,4
11208,4,2877,0.9962,4
11208,5,2832,0.9803,4
11208,6,2869,0.9932,5
11208,7,2829,0.9795,4
11208,8,2876,0.9957,4
11208,9,2869,0.9933,4
11208,10,2921,1.0111,3
11208,11,3006,1.0406,4
11208,12,2951,1.0215,4
11209,1,2749,0.9968,6
11209,2,2744,0.995,6
11209,3,2735,0.9919,6
11209,4,2740,0.9935,7
11209,5,2752,0.9978,7
11209,6,2772,1.0054,7
11209,7,2771,1.0048,6
11209,8,2775,1.0063,6
11209,9,2789,1.0113,6
11209,10,2795,1.0134,6
11209,11,2781,1.0084,6
11209,12,2757,0.9997,6
11210,1,2794,0.9941,6
11210,2,2780,0.9888,6
11210,3,2801,0.9966,7
11210,4,2801,0.9964,7
11210,5,2824,1.0048,7
11210,6,2834,1.0081,7
11210,7,2840,1.0102,6
11210,8,2847,1.0127,6
11210,9,2836,1.0089,6
11210,10,2836,1.0088,6
11210,11,2814,1.0011,6
11210,12,2791,0.9928,6
11211,1,4719,0.9806,9
11211,2,4733,0.9834,9
11211,3,4771,0.9913,9
11211,4,4804,0.9983,10
11211,5,4840,1.0056,10
11211,6,4882,1.0145,10
11211,7,4905,1.0192,9
11211,8,4910,1.0202,9
11211,9,4902,1.0185,9
11211,10,4857,1.0093,9
11211,11,4811,0.9997,9
11211,12,4743,0.9855,9
11212,1,2684,1.0156,4
11212,2,2697,1.0205,4
11212,3,2690,1.0179,4
11212,4,2637,0.9978,4
11212,5,2671,1.011,4
11212,6,2687,1.0168,5
11212,7,2663,1.0078,4
11212,8,2632,0.9961,4
11212,9,2585,0.9781,4
11212,10,2594,0.9816,4
11212,11,2605,0.9858,4
11212,12,2641,0.9996,4
11213,1,3002,0.9861,9
11213,2,3004,0.987,9
11213,3,3017,0.991,9
11213,4,3038,0.998,9
11213,5,3056,1.0038,10
11213,6,3085,1.0133,10
11213,7,3094,1.0165,9
11213,8,3098,1.0178,9
11213,9,3091,1.0154,9
11213,10,3077,1.0108,9
11213,11,3042,0.9995,9
11213,12,3010,0.9887,9
11214,1,2665,0.9921,5
11214,2,2696,1.0036,5
11214,3,2711,1.0091,5
11214,4,2713,1.0102,6
11214,5,2692,1.0022,6
11214,6,2662,0.9912,6
11214,7,2673,0.995,5
11214,8,2674,0.9954,5
11214,9,2708,1.008,5
11214,10,2714,1.0104,5
11214,11,2710,1.009,5
11214,12,2684,0.9994,5
11215,1,4050,0.9862,9
11215,2,4058,0.9882,9
11215,3,4090,0.9958,9
11215,4,4121,1.0034,10
11215,5,4147,1.0098,10
11215,6,4160,1.0129,10
11215,7,4156,1.012,9
11215,8,4161,1.0132,9
11215,9,4155,1.0117,9
11215,10,4139,1.0079,9
11215,11,4098,0.9979,9
11215,12,4065,0.9898,9
11216,1,3379,0.9795,9
11216,2,3388,0.982,9
11216,3,3415,0.99,9
11216,4,3445,0.9988,10
11216,5,3479,1.0086,10
11216,6,3504,1.0157,10
11216,7,3511,1.0177,9
11216,8,3520,1.0204,9
11216,9,3515,1.0188,9
11216,10,3491,1.0119,9
11216,11,3443,0.9981,9
11216,12,3404,0.9867,9
11217,1,4326,0.9883,9
11217,2,4330,0.9892,9
11217,3,4364,0.9971,9
11217,4,4367,0.9978,10
11217,5,4391,1.0034,10
11217,6,4409,1.0073,10
11217,7,4447,1.0162,9
11217,8,4483,1.0242,9
11217,9,4465,1.0201,9
11217,10,4424,1.0108,9
11217,11,4355,0.995,9
11217,12,4318,0.9867,9
11218,1,3252,0.9871,9
11218,2,3266,0.9914,9
11218,3,3269,0.9922,9
11218,4,3286,0.9974,9
11218,5,3286,0.9975,10
11218,6,3315,1.0064,10
11218,7,3329,1.0106,9
11218,8,3345,1.0152,9
11218,9,3348,1.0161,9
11218,10,3332,1.0114,9
11218,11,3302,1.0024,9
11218,12,3277,0.9947,9
11219,1,2879,0.988,0
11219,2,2880,0.9883,0
11219,3,2893,0.9927,0
11219,4,2909,0.9983,0
11219,5,2930,1.0053,0
11219,6,2950,1.0123,0
11219,7,2959,1.0155,0
11219,8,2964,1.0172,0
11219,9,2956,1.0144,0
11219,10,2937,1.0079,0
11219,11,2910,0.9985,0
11219,12,2886,0.9905,0
11220,1,2764,0.9915,6
11220,2,2788,0.9999,5
11220,3,2796,1.003,6
11220,4,2789,1.0002,7
11220,5,2797,1.0034,7
11220,6,2810,1.0078,7
11220,7,2814,1.0093,6
11220,8,2815,1.0098,6
11220,9,2816,1.0102,6
11220,10,2808,1.0071,6
11220,11,2783,0.9982,6
11220,12,2761,0.9904,6
11221,1,3417,0.984,9
11221,2,3412,0.9825,9
11221,3,3437,0.9896,9
11221,4,3464,0.9975,10
11221,5,3494,1.0062,10
11221,6,3517,1.0127,10
11221,7,3532,1.0171,9
11221,8,3549,1.0218,9
11221,9,3539,1.0192,9
11221,10,3514,1.0118,9
11221,11,3472,0.9997,9
11221,12,3435,0.989,9
11222,1,4525,0.9788,9
11222,2,4554,0.9851,9
11222,3,4604,0.996,9
11222,4,4626,1.0007,10
11222,5,4666,1.0093,10
11222,6,4692,1.0151,10
11222,7,4725,1.0223,9
11222,8,4720,1.021,9
11222,9,4701,1.0169,9
11222,10,4650,1.006,9
11222,11,4590,0.993,9
11222,12,4541,0.9823,9
11223,1,2418,0.9951,5
11223,2,2433,1.0015,5
11223,3,2449,1.0081,5
11223,4,2431,1.0005,5
11223,5,2415,0.9938,5
11223,6,2422,0.9967,5
11223,7,2486,1.0231,4
11223,8,2493,1.0262,4
11223,9,2491,1.0251,4
11223,10,2426,0.9986,4
11223,11,2400,0.9879,4
11223,12,2379,0.979,4
11224,1,3216,0.988,2
11224,2,3217,0.9883,2
11224,3,3231,0.9927,2
11224,4,3249,0.9983,2
11224,5,3272,1.0053,2
11224,6,3295,1.0123,2
11224,7,3305,1.0155,1
11224,8,3311,1.0172,1
11224,9,3302,1.0144,1
11224,10,3281,1.0079,1
11224,11,3250,0.9985,1
11224,12,3224,0.9905,1
11225,1,3196,0.993,9
11225,2,3182,0.989,9
11225,3,3181,0.9885,9
11225,4,3199,0.9941,10
11225,5,3221,1.0009,10
11225,6,3247,1.0089,10
11225,7,3250,1.0101,9
11225,8,3270,1.0163,9
11225,9,3273,1.0172,9
11225,10,3257,1.0123,9
11225,11,3226,1.0026,9
11225,12,3204,0.9957,9
11226,1,2916,0.9893,9
11226,2,2914,0.9886,9
11226,3,2936,0.9959,9
11226,4,2944,0.9988,10
11226,5,2964,1.0054,10
11226,6,2977,1.01,10
11226,7,2999,1.0174,9
11226,8,3002,1.0184,9
11226,9,2989,1.0139,9
11226,10,2960,1.0042,9
11226,11,2937,0.9962,9
11226,12,2913,0.9881,9
11228,1,2930,0.996,5
11228,2,2882,0.9799,5
11228,3,2878,0.9783,5
11228,4,2911,0.9898,5
11228,5,2958,1.0057,5
11228,6,2986,1.0152,5
11228,7,2959,1.006,4
11228,8,2963,1.0073,4
11228,9,2982,1.0139,4
11228,10,2990,1.0166,4
11228,11,3009,1.0231,4
11228,12,2988,1.0159,4
11229,1,2693,0.9955,8
11229,2,2701,0.9985,8
11229,3,2722,1.0064,8
11229,4,2720,1.0056,8
11229,5,2700,0.9982,8
11229,6,2680,0.9908,8
11229,7,2696,0.9968,7
11229,8,2714,1.0035,8
11229,9,2737,1.0118,8
11229,10,2749,1.0162,8
11229,11,2754,1.0182,8
11229,12,2719,1.0053,8
11230,1,2752,0.9994,8
11230,2,2736,0.9935,8
11230,3,2747,0.9974,8
11230,4,2739,0.9946,8
11230,5,2757,1.0012,8
11230,6,2768,1.005,8
11230,7,2770,1.0059,7
11230,8,2756,1.0007,8
11230,9,2748,0.9979,8
11230,10,2773,1.0069,8
11230,11,2789,1.0127,8
11230,12,2778,1.0087,8
11231,1,4549,1.0017,9
11231,2,4536,0.9989,9
11231,3,4503,0.9916,9
11231,4,4522,0.9958,10
11231,5,4530,0.9976,10
11231,6,4560,1.0041,10
11231,7,4591,1.0109,9
11231,8,4601,1.0132,9
11231,9,4608,1.0146,9
11231,10,4568,1.0059,9
11231,11,4563,1.0048,9
11231,12,4549,1.0018,9
11232,1,3000,0.9748,5
11232,2,3008,0.9775,5
11232,3,3021,0.9818,5
11232,4,3041,0.9881,5
11232,5,3073,0.9986,5
11232,6,3130,1.0171,5
11232,7,3162,1.0274,4
11232,8,3185,1.035,4
11232,9,3174,1.0314,4
11232,10,3168,1.0294,4
11232,11,3100,1.0072,4
11232,12,3044,0.9891,4
11233,1,3128,0.9875,9
11233,2,3139,0.9909,9
11233,3,3154,0.9956,9
11233,4,3151,0.9947,10
11233,5,3179,1.0037,10
11233,6,3213,1.0142,10
11233,7,3224,1.0177,9
11233,8,3223,1.0173,9
11233,9,3219,1.0162,9
11233,10,3201,1.0105,9
11233,11,3167,0.9998,9
11233,12,3128,0.9876,9
11234,1,2866,0.988,1
11234,2,2867,0.9883,1
11234,3,2879,0.9927,2
11234,4,2896,0.9983,2
11234,5,2916,1.0053,2
11234,6,2936,1.0123,2
11234,7,2945,1.0155,1
11234,8,2950,1.0172,1
11234,9,2942,1.0144,1
11234,10,2924,1.0079,1
11234,11,2896,0.9985,1
11234,12,2873,0.9905,1
11235,1,2551,1.0005,9
11235,2,2549,0.9997,9
11235,3,2558,1.0033,9
11235,4,2553,1.0012,10
11235,5,2534,0.994,10
11235,6,2541,0.9966,10
11235,7,2556,1.0024,9
11235,8,2559,1.0036,9
11235,9,2562,1.0048,9
11235,10,2565,1.0061,9
11235,11,2583,1.013,9
11235,12,2557,1.003,9
11236,1,2649,0.988,1
11236,2,2649,0.9883,1
11236,3,2661,0.9927,1
11236,4,2676,0.9983,1
11236,5,2695,1.0053,1
11236,6,2714,1.0123,1
11236,7,2722,1.0155,0
11236,8,2727,1.0172,0
11236,9,2719,1.0144,0
11236,10,2702,1.0079,0
11236,11,2677,0.9985,1
11236,12,2655,0.9905,1
11237,1,3568,0.9794,9
11237,2,3576,0.9818,9
11237,3,3602,0.9888,9
11237,4,3616,0.9925,10
11237,5,3651,1.0022,10
11237,6,3685,1.0116,10
11237,7,3719,1.0209,9
11237,8,3731,1.0241,9
11237,9,3729,1.0236,9
11237,10,3698,1.0152,9
11237,11,3651,1.0022,9
11237,12,3600,0.9882,9
11238,1,3994,0.9922,9
11238,2,3979,0.9883,9
11238,3,3987,0.9903,9
11238,4,4006,0.9952,10
11238,5,4037,1.0028,10
11238,6,4070,1.0109,10
11238,7,4083,1.0143,9
11238,8,4101,1.0187,9
11238,9,4078,1.0129,9
11238,10,4053,1.0069,9
11238,11,4021,0.9988,9
11238,12,4003,0.9944,9
11249,1,5371,0.9813,9
11249,2,5398,0.9864,9
11249,3,5445,0.9949,9
11249,4,5471,0.9996,10
11249,5,5520,1.0086,10
11249,6,5554,1.0149,10
11249,7,5574,1.0184,9
11249,8,5572,1.0181,9
11249,9,5548,1.0138,9
11249,10,5521,1.0089,9
11249,11,5453,0.9963,9
11249,12,5398,0.9863,9
11354,1,2635,0.9918,8
11354,2,2646,0.996,8
11354,3,2660,1.0013,8
11354,4,2666,1.0035,8
11354,5,2660,1.0012,8
11354,6,2660,1.0014,8
11354,7,2676,1.0073,7
11354,8,2695,1.0147,8
11354,9,2689,1.0121,8
11354,10,2671,1.0056,8
11354,11,2647,0.9965,8
11354,12,2639,0.9934,8
11355,1,2742,0.9995,8
11355,2,2715,0.9895,8
11355,3,2705,0.9858,8
11355,4,2695,0.9821,8
11355,5,2721,0.9918,9
11355,6,2734,0.9964,9
11355,7,2758,1.0053,8
11355,8,2782,1.0141,8
11355,9,2791,1.0172,8
11355,10,2801,1.021,8
11355,11,2783,1.0142,8
11355,12,2769,1.0094,8
11356,1,2536,0.988,1
11356,2,2537,0.9883,2
11356,3,2548,0.9927,2
11356,4,2562,0.9983,2
11356,5,2581,1.0053,2
11356,6,2598,1.0123,2
11356,7,2607,1.0155,1
11356,8,2611,1.0172,1
11356,9,2604,1.0144,1
11356,10,2587,1.0079,1
11356,11,2563,0.9985,1
11356,12,2542,0.9905,1
11357,1,2777,0.988,2
11357,2,2777,0.9883,1
11357,3,2790,0.9927,2
11357,4,2733,0.9724,3
11357,5,2725,0.9696,3
11357,6,2838,1.0099,3
11357,7,2854,1.0155,2
11357,8,2859,1.0172,2
11357,9,2851,1.0144,2
11357,10,2833,1.0079,2
11357,11,2806,0.9985,2
11357,12,2783,0.9905,2
11358,1,2461,1.009,4
11358,2,2444,1.0021,4
11358,3,2409,0.9875,5
11358,4,2400,0.9837,5
11358,5,2424,0.9936,5
11358,6,2459,1.0082,5
11358,7,2483,1.0179,4
11358,8,2474,1.0143,4
11358,9,2472,1.0136,4
11358,10,2453,1.0056,4
11358,11,2462,1.0093,4
11358,12,2447,1.0033,4
11360,1,3004,0.988,1
11360,2,3005,0.9883,1
11360,3,3018,0.9927,1
11360,4,3035,0.9983,1
11360,5,3057,1.0053,1
11360,6,3078,1.0123,1
11360,7,3087,1.0155,0
11360,8,3093,1.0172,0
11360,9,3084,1.0144,0
11360,10,3065,1.0079,0
11360,11,3036,0.9985,0
11360,12,3011,0.9905,1
11361,1,2730,1.0005,5
11361,2,2750,1.0079,5
11361,3,2759,1.0112,5
11361,4,2741,1.0048,5
11361,5,2749,1.0075,5
11361,6,2748,1.0073,5
11361,7,2732,1.0013,4
11361,8,2728,1.0001,4
11361,9,2741,1.0048,4
11361,10,2733,1.0016,4
11361,11,2717,0.996,4
11361,12,2702,0.9905,4
11364,1,2743,0.988,2
11364,2,2744,0.9883,2
11364,3,2756,0.9927,2
11364,4,2723,0.9809,3
11364,5,2731,0.9836,3
11364,6,2761,0.9945,3
11364,7,2819,1.0155,2
11364,8,2824,1.0172,2
11364,9,2816,1.0144,2
11364,10,2798,1.0079,2
11364,11,2772,0.9985,2
11364,12,2750,0.9905,2
11365,1,2619,0.988,2
11365,2,2635,0.9941,3
11365,3,2687,1.0137,3
11365,4,2683,1.0122,3
11365,5,2683,1.0122,3
11365,6,2717,1.0252,3
11365,7,2691,1.0155,2
11365,8,2696,1.0172,2
11365,9,2689,1.0144,2
11365,10,2671,1.0079,2
11365,11,2646,0.9985,2
11365,12,2625,0.9905,2
11367,1,2548,0.988,1
11367,2,2549,0.9883,1
11367,3,2560,0.9927,1
11367,4,2575,0.9983,1
11367,5,2593,1.0053,1
11367,6,2611,1.0123,1
11367,7,2619,1.0155,1
11367,8,2624,1.0172,0
11367,9,2616,1.0144,1
11367,10,2600,1.0079,1
11367,11,2575,0.9985,1
11367,12,2555,0.9905,1
11369,1,2870,0.988,0
11369,2,2871,0.9883,0
11369,3,2884,0.9927,0
11369,4,2900,0.9983,0
11369,5,2920,1.0053,0
11369,6,2940,1.0123,0
11369,7,2950,1.0155,0
11369,8,2955,1.0172,0
11369,9,2947,1.0144,0
11369,10,2928,1.0079,0
11369,11,2900,0.9985,0
11369,12,2877,0.9905,0
11370,1,2881,0.988,0
11370,2,2882,0.9883,0
11370,3,2894,0.9927,0
11370,4,2911,0.9983,0
11370,5,2931,1.0053,0
11370,6,2951,1.0123,0
11370,7,2961,1.0155,0
11370,8,2966,1.0172,0
11370,9,2958,1.0144,0
11370,10,2939,1.0079,0
11370,11,2911,0.9985,0
11370,12,2888,0.9905,0
11372,1,2570,0.9952,5
11372,2,2575,0.9972,5
11372,3,2564,0.9927,5
11372,4,2569,0.9947,5
11372,5,2575,0.997,5
11372,6,2607,1.0094,5
11372,7,2638,1.0213,4
11372,8,2639,1.0218,4
11372,9,2618,1.0138,4
11372,10,2576,0.9975,4
11372,11,2559,0.9909,4
11372,12,2561,0.9918,4
11373,1,2762,0.9917,5
11373,2,2754,0.9889,5
11373,3,2765,0.9929,5
11373,4,2786,1.0003,5
11373,5,2802,1.0059,5
11373,6,2813,1.0102,5
11373,7,2842,1.0206,4
11373,8,2838,1.019,4
11373,9,2822,1.0132,4
11373,10,2790,1.0019,4
11373,11,2789,1.0014,4
11373,12,2779,0.9978,4
11374,1,2998,0.997,9
11374,2,3000,0.9975,9
11374,3,2989,0.994,9
11374,4,3000,0.9976,9
11374,5,2994,0.9957,9
11374,6,3003,0.9987,10
11374,7,3012,1.0017,9
11374,8,3039,1.0107,9
11374,9,3048,1.0136,9
11374,10,3044,1.0122,9
11374,11,3029,1.0071,9
11374,12,3010,1.001,9
11375,1,3044,0.9932,9
11375,2,3041,0.9921,9
11375,3,3046,0.9938,9
11375,4,3058,0.9978,10
11375,5,3065,1.0,10
11375,6,3091,1.0086,10
11375,7,3105,1.0131,9
11375,8,3107,1.0136,9
11375,9,3097,1.0103,9
11375,10,3081,1.0053,9
11375,11,3076,1.0038,9
11375,12,3052,0.9958,9
11377,1,2949,0.9989,5
11377,2,2947,0.9983,5
11377,3,2947,0.9982,5
11377,4,2923,0.9901,5
11377,5,2922,0.9898,5
11377,6,2929,0.9921,5
11377,7,2990,1.0126,4
11377,8,3030,1.0263,4
11377,9,3040,1.0296,4
11377,10,2998,1.0155,4
11377,11,2958,1.0021,4
11377,12,2947,0.9983,4
11378,1,2577,0.9994,4
11378,2,2600,1.0084,4
11378,3,2630,1.0199,4
11378,4,2618,1.0153,4
11378,5,2601,1.009,4
11378,6,2579,1.0001,5
11378,7,2538,0.9842,4
11378,8,2562,0.9936,4
11378,9,2584,1.0022,4
11378,10,2608,1.0114,4
11378,11,2587,1.0032,4
11378,12,2566,0.9953,4
11379,1,2595,1.0124,4
11379,2,2606,1.0166,5
11379,3,2557,0.9976,5
11379,4,2577,1.0056,5
11379,5,2558,0.998,5
11379,6,2572,1.0033,5
11379,7,2577,1.0055,3
11379,8,2547,0.9935,4
11379,9,2537,0.9899,4
11379,10,2533,0.9882,4
11379,11,2545,0.9929,4
11379,12,2600,1.0145,4
11385,1,3257,0.9862,8
11385,2,3261,0.9872,8
11385,3,3272,0.9906,8
11385,4,3282,0.9935,8
11385,5,3309,1.0018,8
11385,6,3345,1.0126,8
11385,7,3365,1.0187,7
11385,8,3367,1.0195,8
11385,9,3359,1.0168,8
11385,10,3335,1.0096,8
11385,11,3306,1.001,8
11385,12,3274,0.9912,8
11413,1,2928,0.988,0
11413,2,2929,0.9883,0
11413,3,2942,0.9927,0
11413,4,2959,0.9983,0
11413,5,2980,1.0053,0
11413,6,3000,1.0123,0
11413,7,3010,1.0155,0
11413,8,3015,1.0172,0
11413,9,3007,1.0144,0
11413,10,2987,1.0079,0
11413,11,2959,0.9985,0
11413,12,2936,0.9905,0
11415,1,2357,0.9927,5
11415,2,2368,0.9975,5
11415,3,2372,0.9992,5
11415,4,2392,1.0076,5
11415,5,2377,1.0014,5
11415,6,2394,1.0086,5
11415,7,2392,1.0078,4
11415,8,2422,1.0203,4
11415,9,2418,1.0185,4
11415,10,2377,1.0013,4
11415,11,2349,0.9897,4
11415,12,2341,0.986,4
11416,1,2862,0.988,0
11416,2,2862,0.9883,0
11416,3,2875,0.9927,0
11416,4,2891,0.9983,0
11416,5,2912,1.0053,0
11416,6,2932,1.0123,0
11416,7,2941,1.0155,0
11416,8,2946,1.0172,0
11416,9,2938,1.0144,0
11416,10,2919,1.0079,0
11416,11,2892,0.9985,0
11416,12,2869,0.9905,0
11418,1,2675,0.988,2
11418,2,2676,0.9883,2
11418,3,2688,0.9927,2
11418,4,2703,0.9983,2
11418,5,2722,1.0053,2
11418,6,2741,1.0123,2
11418,7,2750,1.0155,1
11418,8,2754,1.0172,1
11418,9,2747,1.0144,2
11418,10,2729,1.0079,2
11418,11,2704,0.9985,2
11418,12,2682,0.9905,2
11421,1,2783,0.988,0
11421,2,2784,0.9883,0
11421,3,2797,0.9927,0
11421,4,2812,0.9983,0
11421,5,2832,1.0053,0
11421,6,2852,1.0123,0
11421,7,2861,1.0155,0
11421,8,2866,1.0172,0
11421,9,2858,1.0144,0
11421,10,2840,1.0079,0
11421,11,2813,0.9985,0
11421,12,2790,0.9905,0
11426,1,3348,0.988,0
11426,2,3348,0.9883,0
11426,3,3363,0.9927,0
11426,4,3382,0.9983,0
11426,5,3406,1.0053,0
11426,6,3430,1.0123,0
11426,7,3441,1.0155,0
11426,8,3446,1.0172,0
11426,9,3437,1.0144,0
11426,10,3415,1.0079,0
11426,11,3383,0.9985,0
11426,12,3356,0.9905,0
11432,1,2581,0.9957,7
11432,2,2597,1.0019,7
11432,3,2588,0.9984,8
11432,4,2615,1.0088,8
11432,5,2628,1.0138,8
11432,6,2639,1.0182,8
11432,7,2600,1.0033,7
11432,8,2580,0.9956,7
11432,9,2582,0.9962,7
11432,10,2587,0.9981,7
11432,11,2584,0.9969,7
11432,12,2580,0.9954,7
11433,1,2864,0.988,1
11433,2,2865,0.9883,1
11433,3,2878,0.9927,1
11433,4,2894,0.9983,1
11433,5,2914,1.0053,1
11433,6,2935,1.0123,1
11433,7,2944,1.0155,0
11433,8,2949,1.0172,0
11433,9,2941,1.0144,0
11433,10,2922,1.0079,1
11433,11,2895,0.9985,1
11433,12,2871,0.9905,1
11435,1,2321,0.9889,9
11435,2,2323,0.9899,9
11435,3,2342,0.9977,8
11435,4,2341,0.9975,9
11435,5,2348,1.0004,9
11435,6,2352,1.002,9
11435,7,2369,1.0093,8
11435,8,2370,1.0098,9
11435,9,2376,1.0122,9
11435,10,2374,1.0112,9
11435,11,2367,1.0086,9
11435,12,2340,0.9969,9
11691,1,3354,0.988,0
11691,2,3355,0.9883,0
11691,3,3370,0.9927,0
11691,4,3389,0.9983,0
11691,5,3413,1.0053,0
11691,6,3436,1.0123,0
11691,7,3447,1.0155,0
11691,8,3453,1.0172,0
11691,9,3443,1.0144,0
11691,10,3421,1.0079,0
11691,11,3389,0.9985,0
11691,12,3362,0.9905,0
11692,1,3155,0.988,0
11692,2,3156,0.9883,0
11692,3,3170,0.9927,0
11692,4,3188,0.9983,0
11692,5,3211,1.0053,0
11692,6,3233,1.0123,0
11692,7,3243,1.0155,0
11692,8,3249,1.0172,0
11692,9,3240,1.0144,0
11692,10,3219,1.0079,0
11692,11,3189,0.9985,0
11692,12,3163,0.9905,0
