STATE,zipcode,agi_stub,N1,A00100
NY,10001,1,3170.0,35386.0
NY,10001,2,2110.0,78726.0
NY,10001,3,1920.0,119460.0
NY,10001,4,1580.0,137176.0
NY,10001,5,3680.0,529510.0
NY,10001,6,4500.0,3579607.0
NY,10002,1,15010.0,177309.0
NY,10002,2,7870.0,283521.0
NY,10002,3,5190.0,321146.0
NY,10002,4,3350.0,289923.0
NY,10002,5,5070.0,700134.0
NY,10002,6,3130.0,1425563.0
NY,10003,1,3820.0,42253.0
NY,10003,2,2740.0,102812.0
NY,10003,3,3270.0,205466.0
NY,10003,4,2980.0,258773.0
NY,10003,5,6900.0,982899.0
NY,10003,6,7900.0,6829188.0
NY,10004,1,270.0,2759.0
NY,10004,2,170.0,6326.0
NY,10004,3,190.0,11715.0
NY,10004,4,210.0,17851.0
NY,10004,5,580.0,83541.0
NY,10004,6,990.0,871448.0
NY,10005,1,590.0,6660.0
NY,10005,2,500.0,18574.0
NY,10005,3,700.0,43719.0
NY,10005,4,690.0,59788.0
NY,10005,5,1790.0,255328.0
NY,10005,6,2040.0,2054711.0
NY,10006,1,220.0,2589.0
NY,10006,2,170.0,6263.0
NY,10006,3,230.0,14493.0
NY,10006,4,260.0,22281.0
NY,10006,5,770.0,112367.0
NY,10006,6,850.0,667406.0
NY,10007,1,480.0,4933.0
NY,10007,2,290.0,10808.0
NY,10007,3,300.0,18606.0
NY,10007,4,290.0,25613.0
NY,10007,5,770.0,111789.0
NY,10007,6,2020.0,3542461.0
NY,10009,1,7220.0,85543.0
NY,10009,2,5420.0,201333.0
NY,10009,3,4910.0,306751.0
NY,10009,4,3880.0,336605.0
NY,10009,5,6290.0,870861.0
NY,10009,6,3280.0,1400901.0
NY,10010,1,2050.0,21813.0
NY,10010,2,1700.0,63479.0
NY,10010,3,1960.0,122461.0
NY,10010,4,1930.0,167192.0
NY,10010,5,4230.0,604561.0
NY,10010,6,4820.0,3715719.0
NY,10011,1,3570.0,39240.0
NY,10011,2,2620.0,98171.0
NY,10011,3,2800.0,176187.0
NY,10011,4,2800.0,244083.0
NY,10011,5,7380.0,1059104.0
NY,10011,6,9520.0,8596876.0
NY,10012,1,1760.0,18869.0
NY,10012,2,1260.0,46970.0
NY,10012,3,1350.0,84595.0
NY,10012,4,1230.0,107005.0
NY,10012,5,2920.0,413810.0
NY,10012,6,3260.0,3408453.0
NY,10013,1,3290.0,35361.0
NY,10013,2,1660.0,60749.0
NY,10013,3,1410.0,87775.0
NY,10013,4,1150.0,99547.0
NY,10013,5,2520.0,358505.0
NY,10013,6,4490.0,7794993.0
NY,10014,1,1970.0,20923.0
NY,10014,2,1410.0,52331.0
NY,10014,3,1790.0,112655.0
NY,10014,4,1810.0,158156.0
NY,10014,5,4950.0,707196.0
NY,10014,6,6410.0,6776542.0
NY,10016,1,4090.0,46493.0
NY,10016,2,3550.0,133342.0
NY,10016,3,4390.0,276639.0
NY,10016,4,3870.0,336498.0
NY,10016,5,8330.0,1177647.0
NY,10016,6,8050.0,5437653.0
NY,10017,1,1440.0,16037.0
NY,10017,2,1020.0,38383.0
NY,10017,3,1260.0,79122.0
NY,10017,4,1250.0,109080.0
NY,10017,5,2870.0,411491.0
NY,10017,6,3370.0,3949689.0
NY,10018,1,1160.0,12282.0
NY,10018,2,760.0,28300.0
NY,10018,3,760.0,47240.0
NY,10018,4,610.0,53391.0
NY,10018,5,1530.0,220471.0
NY,10018,6,2060.0,2384311.0
NY,10019,1,4370.0,49095.0
NY,10019,2,3210.0,119712.0
NY,10019,3,3130.0,195396.0
NY,10019,4,2800.0,242761.0
NY,10019,5,6300.0,905762.0
NY,10019,6,7300.0,7379868.0
NY,10021,1,2730.0,28950.0
NY,10021,2,1980.0,74853.0
NY,10021,3,2140.0,134897.0
NY,10021,4,2340.0,203636.0
NY,10021,5,5360.0,761841.0
NY,10021,6,7900.0,11624597.0
NY,10022,1,2360.0,25172.0
NY,10022,2,1670.0,62586.0
NY,10022,3,2050.0,128687.0
NY,10022,4,1920.0,167309.0
NY,10022,5,4820.0,688806.0
NY,10022,6,7110.0,14653470.0
NY,10023,1,4840.0,52358.0
NY,10023,2,3240.0,120723.0
NY,10023,3,3100.0,194532.0
NY,10023,4,3060.0,265602.0
NY,10023,5,7770.0,1118362.0
NY,10023,6,12100.0,12563199.0
NY,10024,1,4490.0,47624.0
NY,10024,2,2830.0,105989.0
NY,10024,3,2970.0,186428.0
NY,10024,4,2700.0,235427.0
NY,10024,5,6330.0,900842.0
NY,10024,6,9860.0,10943992.0
NY,10025,1,9570.0,107861.0
NY,10025,2,6570.0,245509.0
NY,10025,3,5560.0,344842.0
NY,10025,4,4000.0,346424.0
NY,10025,5,7920.0,1122149.0
NY,10025,6,8960.0,6034288.0
NY,10026,1,5390.0,65462.0
NY,10026,2,3800.0,140573.0
NY,10026,3,2620.0,161213.0
NY,10026,4,1550.0,133901.0
NY,10026,5,2320.0,318006.0
NY,10026,6,1520.0,736909.0
NY,10027,1,8720.0,106025.0
NY,10027,2,6250.0,230178.0
NY,10027,3,3980.0,244312.0
NY,10027,4,2170.0,186728.0
NY,10027,5,3120.0,431049.0
NY,10027,6,2240.0,1058777.0
NY,10028,1,3040.0,32209.0
NY,10028,2,2270.0,84768.0
NY,10028,3,2850.0,179989.0
NY,10028,4,2880.0,250962.0
NY,10028,5,5910.0,829932.0
NY,10028,6,7690.0,9813659.0
NY,10029,1,13220.0,160689.0
NY,10029,2,9390.0,345135.0
NY,10029,3,5450.0,333670.0
NY,10029,4,2620.0,224427.0
NY,10029,5,2780.0,370910.0
NY,10029,6,1270.0,851416.0
NY,10030,1,4760.0,60604.0
NY,10030,2,3340.0,122224.0
NY,10030,3,2060.0,126064.0
NY,10030,4,1060.0,90768.0
NY,10030,5,1130.0,150551.0
NY,10030,6,380.0,165622.0
NY,10031,1,9930.0,120334.0
NY,10031,2,7350.0,268939.0
NY,10031,3,4600.0,282726.0
NY,10031,4,2270.0,195800.0
NY,10031,5,2420.0,320255.0
NY,10031,6,690.0,283528.0
NY,10032,1,10450.0,124527.0
NY,10032,2,7430.0,271578.0
NY,10032,3,4470.0,273353.0
NY,10032,4,2230.0,192969.0
NY,10032,5,2240.0,297760.0
NY,10032,6,570.0,191427.0
NY,10033,1,9530.0,112364.0
NY,10033,2,6360.0,231516.0
NY,10033,3,3730.0,228625.0
NY,10033,4,2040.0,175452.0
NY,10033,5,2560.0,348518.0
NY,10033,6,990.0,347142.0
NY,10034,1,7090.0,84118.0
NY,10034,2,4770.0,174771.0
NY,10034,3,2850.0,175658.0
NY,10034,4,1580.0,136169.0
NY,10034,5,1850.0,249723.0
NY,10034,6,550.0,217920.0
NY,10035,1,5490.0,68070.0
NY,10035,2,3830.0,140046.0
NY,10035,3,2270.0,138365.0
NY,10035,4,1180.0,101771.0
NY,10035,5,1480.0,199566.0
NY,10035,6,600.0,276996.0
NY,10036,1,3640.0,40115.0
NY,10036,2,2470.0,91565.0
NY,10036,3,2340.0,146199.0
NY,10036,4,1930.0,167084.0
NY,10036,5,4110.0,584913.0
NY,10036,6,3670.0,3068620.0
NY,10037,1,2970.0,37186.0
NY,10037,2,2310.0,86402.0
NY,10037,3,1710.0,105853.0
NY,10037,4,1030.0,88021.0
NY,10037,5,1270.0,168974.0
NY,10037,6,280.0,95111.0
NY,10038,1,2610.0,29045.0
NY,10038,2,1570.0,57199.0
NY,10038,3,1310.0,82017.0
NY,10038,4,1150.0,99665.0
NY,10038,5,2660.0,378887.0
NY,10038,6,2690.0,1773484.0
NY,10039,1,4680.0,59596.0
NY,10039,2,3420.0,124775.0
NY,10039,3,2030.0,124023.0
NY,10039,4,980.0,84720.0
NY,10039,5,980.0,129955.0
NY,10039,6,300.0,120495.0
NY,10040,1,7660.0,91811.0
NY,10040,2,5020.0,183443.0
NY,10040,3,3100.0,191411.0
NY,10040,4,1690.0,145554.0
NY,10040,5,1980.0,265946.0
NY,10040,6,620.0,209713.0
NY,10044,1,1060.0,10685.0
NY,10044,2,770.0,28603.0
NY,10044,3,770.0,47971.0
NY,10044,4,500.0,43455.0
NY,10044,5,980.0,137626.0
NY,10044,6,770.0,310827.0
NY,10065,1,1920.0,19758.0
NY,10065,2,1500.0,57601.0
NY,10065,3,1650.0,104005.0
NY,10065,4,1570.0,136549.0
NY,10065,5,3570.0,506573.0
NY,10065,6,5200.0,7973043.0
NY,10069,1,420.0,4186.0
NY,10069,2,230.0,8485.0
NY,10069,3,250.0,15423.0
NY,10069,4,240.0,20581.0
NY,10069,5,640.0,94127.0
NY,10069,6,1560.0,1711945.0
NY,10075,1,1780.0,19066.0
NY,10075,2,1170.0,44058.0
NY,10075,3,1570.0,98962.0
NY,10075,4,1510.0,131508.0
NY,10075,5,3360.0,479021.0
NY,10075,6,4500.0,6124624.0
NY,10128,1,4660.0,49972.0
NY,10128,2,3350.0,125841.0
NY,10128,3,3810.0,240209.0
NY,10128,4,3580.0,310067.0
NY,10128,5,7110.0,1001441.0
NY,10128,6,9290.0,12117593.0
NY,10162,1,80.0,749.0
NY,10162,2,40.0,1445.0
NY,10162,3,50.0,3232.0
NY,10162,4,60.0,5304.0
NY,10162,5,180.0,25819.0
NY,10162,6,330.0,209223.0
NY,10280,1,410.0,4017.0
NY,10280,2,240.0,9097.0
NY,10280,3,300.0,18930.0
NY,10280,4,340.0,30078.0
NY,10280,5,1180.0,171646.0
NY,10280,6,1690.0,899105.0
NY,10282,1,180.0,1699.0
NY,10282,2,110.0,4051.0
NY,10282,3,100.0,6206.0
NY,10282,4,90.0,8144.0
NY,10282,5,360.0,53437.0
NY,10282,6,1300.0,1684068.0
NY,10301,1,5440.0,65368.0
NY,10301,2,3780.0,139540.0
NY,10301,3,2810.0,173490.0
NY,10301,4,1800.0,156531.0
NY,10301,5,2950.0,405156.0
NY,10301,6,1300.0,536596.0
NY,10302,1,3000.0,36889.0
NY,10302,2,2080.0,76222.0
NY,10302,3,1320.0,81150.0
NY,10302,4,850.0,73381.0
NY,10302,5,1290.0,176936.0
NY,10302,6,270.0,75523.0
NY,10303,1,4380.0,56466.0
NY,10303,2,3240.0,118949.0
NY,10303,3,2060.0,126771.0
NY,10303,4,1180.0,102849.0
NY,10303,5,1610.0,214716.0
NY,10303,6,230.0,63752.0
NY,10304,1,6740.0,84454.0
NY,10304,2,4780.0,175102.0
NY,10304,3,2970.0,182721.0
NY,10304,4,1910.0,164989.0
NY,10304,5,2820.0,383100.0
NY,10304,6,1330.0,733651.0
NY,10305,1,6700.0,82305.0
NY,10305,2,4450.0,162287.0
NY,10305,3,3060.0,188584.0
NY,10305,4,2150.0,185885.0
NY,10305,5,3590.0,489625.0
NY,10305,6,990.0,310576.0
NY,10306,1,7990.0,97846.0
NY,10306,2,5690.0,209880.0
NY,10306,3,4140.0,256291.0
NY,10306,4,3100.0,270510.0
NY,10306,5,5800.0,806615.0
NY,10306,6,2170.0,736528.0
NY,10307,1,1600.0,18025.0
NY,10307,2,1010.0,37313.0
NY,10307,3,880.0,54763.0
NY,10307,4,730.0,63440.0
NY,10307,5,1610.0,227945.0
NY,10307,6,920.0,401300.0
NY,10308,1,3310.0,39677.0
NY,10308,2,2460.0,91561.0
NY,10308,3,1980.0,123496.0
NY,10308,4,1650.0,144395.0
NY,10308,5,3500.0,488619.0
NY,10308,6,1230.0,364867.0
NY,10309,1,3650.0,43121.0
NY,10309,2,2560.0,94708.0
NY,10309,3,2130.0,131569.0
NY,10309,4,1780.0,154309.0
NY,10309,5,3870.0,544922.0
NY,10309,6,1900.0,724860.0
NY,10310,1,3610.0,43932.0
NY,10310,2,2530.0,93247.0
NY,10310,3,1710.0,105614.0
NY,10310,4,1120.0,96754.0
NY,10310,5,2100.0,293868.0
NY,10310,6,790.0,241455.0
NY,10312,1,7260.0,86751.0
NY,10312,2,4980.0,184705.0
NY,10312,3,4110.0,255781.0
NY,10312,4,3460.0,301580.0
NY,10312,5,7510.0,1055100.0
NY,10312,6,3010.0,1034128.0
NY,10314,1,11360.0,138827.0
NY,10314,2,8260.0,304418.0
NY,10314,3,6120.0,378217.0
NY,10314,4,4700.0,409284.0
NY,10314,5,8860.0,1228679.0
NY,10314,6,3070.0,1055464.0
NY,10451,1,10210.0,130138.0
NY,10451,2,7170.0,263225.0
NY,10451,3,4060.0,247872.0
NY,10451,4,1700.0,145749.0
NY,10451,5,1370.0,179319.0
NY,10451,6,180.0,50993.0
NY,10452,1,17010.0,216456.0
NY,10452,2,11130.0,400536.0
NY,10452,3,4910.0,298957.0
NY,10452,4,1760.0,150863.0
NY,10452,5,1180.0,149461.0
NY,10452,6,90.0,27724.0
NY,10453,1,18170.0,229921.0
NY,10453,2,11280.0,407176.0
NY,10453,3,4930.0,298378.0
NY,10453,4,1680.0,142952.0
NY,10453,5,1100.0,139347.0
NY,10453,6,90.0,29257.0
NY,10454,1,7390.0,92427.0
NY,10454,2,4690.0,170029.0
NY,10454,3,2130.0,129462.0
NY,10454,4,780.0,66769.0
NY,10454,5,560.0,71705.0
NY,10454,6,110.0,33022.0
NY,10455,1,8600.0,109610.0
NY,10455,2,5700.0,207094.0
NY,10455,3,2650.0,160508.0
NY,10455,4,970.0,82688.0
NY,10455,5,620.0,78057.0
NY,10455,6,60.0,17955.0
NY,10456,1,19080.0,246990.0
NY,10456,2,12040.0,434151.0
NY,10456,3,5090.0,308575.0
NY,10456,4,1870.0,159597.0
NY,10456,5,1230.0,156015.0
NY,10456,6,100.0,30241.0
NY,10457,1,16360.0,207151.0
NY,10457,2,10000.0,360963.0
NY,10457,3,4330.0,261083.0
NY,10457,4,1680.0,143774.0
NY,10457,5,1030.0,129861.0
NY,10457,6,110.0,31580.0
NY,10458,1,16320.0,205372.0
NY,10458,2,10030.0,362871.0
NY,10458,3,4740.0,287380.0
NY,10458,4,1770.0,151604.0
NY,10458,5,1280.0,163165.0
NY,10458,6,110.0,31738.0
NY,10459,1,9780.0,123865.0
NY,10459,2,6520.0,236327.0
NY,10459,3,3140.0,190663.0
NY,10459,4,1130.0,95992.0
NY,10459,5,770.0,98510.0
NY,10459,6,60.0,17238.0
NY,10460,1,11850.0,150761.0
NY,10460,2,8050.0,292453.0
NY,10460,3,3710.0,225009.0
NY,10460,4,1400.0,119686.0
NY,10460,5,940.0,119005.0
NY,10460,6,80.0,27750.0
NY,10461,1,7570.0,94553.0
NY,10461,2,5810.0,215579.0
NY,10461,3,4670.0,287210.0
NY,10461,4,2480.0,213912.0
NY,10461,5,3310.0,442129.0
NY,10461,6,610.0,218914.0
NY,10462,1,13430.0,169923.0
NY,10462,2,10140.0,372347.0
NY,10462,3,7180.0,442640.0
NY,10462,4,3760.0,323076.0
NY,10462,5,3540.0,458601.0
NY,10462,6,350.0,99623.0
NY,10463,1,10130.0,121835.0
NY,10463,2,7240.0,265978.0
NY,10463,3,5240.0,324703.0
NY,10463,4,3410.0,294486.0
NY,10463,5,5340.0,729751.0
NY,10463,6,2210.0,827411.0
NY,10464,1,500.0,6196.0
NY,10464,2,360.0,13528.0
NY,10464,3,280.0,17711.0
NY,10464,4,270.0,23876.0
NY,10464,5,500.0,69416.0
NY,10464,6,240.0,97312.0
NY,10465,1,5420.0,68821.0
NY,10465,2,4080.0,151373.0
NY,10465,3,3300.0,204288.0
NY,10465,4,2270.0,196852.0
NY,10465,5,3570.0,487349.0
NY,10465,6,990.0,281977.0
NY,10466,1,11380.0,141932.0
NY,10466,2,8510.0,315783.0
NY,10466,3,5560.0,340268.0
NY,10466,4,2770.0,237719.0
NY,10466,5,2940.0,386371.0
NY,10466,6,360.0,92988.0
NY,10467,1,18340.0,229798.0
NY,10467,2,12780.0,467752.0
NY,10467,3,7400.0,451877.0
NY,10467,4,3370.0,289049.0
NY,10467,5,2660.0,344418.0
NY,10467,6,270.0,77204.0
NY,10468,1,16080.0,201451.0
NY,10468,2,10390.0,374822.0
NY,10468,3,4960.0,302272.0
NY,10468,4,2000.0,170911.0
NY,10468,5,1560.0,200019.0
NY,10468,6,130.0,48100.0
NY,10469,1,10590.0,134303.0
NY,10469,2,8010.0,296533.0
NY,10469,3,5640.0,346457.0
NY,10469,4,3170.0,274022.0
NY,10469,5,3830.0,509035.0
NY,10469,6,620.0,176643.0
NY,10470,1,2340.0,28505.0
NY,10470,2,1770.0,65331.0
NY,10470,3,1350.0,83441.0
NY,10470,4,790.0,68327.0
NY,10470,5,1070.0,145215.0
NY,10470,6,250.0,75682.0
NY,10471,1,2080.0,24110.0
NY,10471,2,1400.0,51986.0
NY,10471,3,1440.0,89942.0
NY,10471,4,1260.0,109335.0
NY,10471,5,2240.0,313694.0
NY,10471,6,1500.0,932970.0
NY,10472,1,13100.0,160827.0
NY,10472,2,8260.0,300116.0
NY,10472,3,4070.0,247460.0
NY,10472,4,1660.0,142328.0
NY,10472,5,1280.0,165489.0
NY,10472,6,130.0,37053.0
NY,10473,1,10150.0,130627.0
NY,10473,2,7750.0,284730.0
NY,10473,3,4730.0,288881.0
NY,10473,4,2360.0,203191.0
NY,10473,5,2390.0,311944.0
NY,10473,6,260.0,70427.0
NY,10474,1,2370.0,30162.0
NY,10474,2,1520.0,55395.0
NY,10474,3,670.0,40740.0
NY,10474,4,280.0,23992.0
NY,10474,5,160.0,21370.0
NY,10474,6,0.0,0.0
NY,10475,1,5880.0,73115.0
NY,10475,2,5630.0,212691.0
NY,10475,3,5070.0,313057.0
NY,10475,4,2830.0,244208.0
NY,10475,5,2740.0,352826.0
NY,10475,6,220.0,59179.0
NY,11001,1,3360.0,38541.0
NY,11001,2,2270.0,83828.0
NY,11001,3,1910.0,118262.0
NY,11001,4,1500.0,130457.0
NY,11001,5,3380.0,477880.0
NY,11001,6,2050.0,713319.0
NY,11003,1,6430.0,80779.0
NY,11003,2,5990.0,222692.0
NY,11003,3,4370.0,268621.0
NY,11003,4,2840.0,245961.0
NY,11003,5,4170.0,562552.0
NY,11003,6,850.0,247386.0
NY,11004,1,1670.0,19344.0
NY,11004,2,1210.0,44580.0
NY,11004,3,1070.0,66635.0
NY,11004,4,820.0,70697.0
NY,11004,5,1510.0,206487.0
NY,11004,6,470.0,140639.0
NY,11005,1,140.0,1562.0
NY,11005,2,130.0,4816.0
NY,11005,3,160.0,9775.0
NY,11005,4,170.0,14697.0
NY,11005,5,480.0,67826.0
NY,11005,6,380.0,162799.0
NY,11040,1,4950.0,54754.0
NY,11040,2,3160.0,116749.0
NY,11040,3,2700.0,168977.0
NY,11040,4,2270.0,197954.0
NY,11040,5,5490.0,781669.0
NY,11040,6,3760.0,1618076.0
NY,11101,1,5620.0,64408.0
NY,11101,2,3910.0,144626.0
NY,11101,3,3490.0,217142.0
NY,11101,4,2960.0,258000.0
NY,11101,5,6420.0,908658.0
NY,11101,6,5240.0,2141900.0
NY,11102,1,5250.0,62836.0
NY,11102,2,3650.0,135269.0
NY,11102,3,3250.0,201784.0
NY,11102,4,2400.0,207694.0
NY,11102,5,3700.0,505372.0
NY,11102,6,1240.0,401363.0
NY,11103,1,5640.0,65906.0
NY,11103,2,4050.0,150559.0
NY,11103,3,3630.0,225999.0
NY,11103,4,2630.0,226975.0
NY,11103,5,3250.0,439528.0
NY,11103,6,940.0,342247.0
NY,11104,1,4060.0,46743.0
NY,11104,2,2750.0,101608.0
NY,11104,3,2450.0,152231.0
NY,11104,4,1810.0,156682.0
NY,11104,5,2650.0,360567.0
NY,11104,6,840.0,321042.0
NY,11105,1,5280.0,61665.0
NY,11105,2,3490.0,128803.0
NY,11105,3,3230.0,201222.0
NY,11105,4,2350.0,203241.0
NY,11105,5,3420.0,467850.0
NY,11105,6,1360.0,486275.0
NY,11106,1,5940.0,69716.0
NY,11106,2,4190.0,153818.0
NY,11106,3,3680.0,228599.0
NY,11106,4,2770.0,239422.0
NY,11106,5,3910.0,528351.0
NY,11106,6,1330.0,448342.0
NY,11109,1,230.0,2388.0
NY,11109,2,200.0,7519.0
NY,11109,3,270.0,16933.0
NY,11109,4,320.0,27593.0
NY,11109,5,1060.0,155135.0
NY,11109,6,1320.0,530404.0
NY,11201,1,4970.0,56020.0
NY,11201,2,3460.0,128060.0
NY,11201,3,3530.0,222044.0
NY,11201,4,3540.0,307834.0
NY,11201,5,9250.0,1330667.0
NY,11201,6,11780.0,8110820.0
NY,11203,1,11260.0,138083.0
NY,11203,2,9620.0,358250.0
NY,11203,3,6700.0,411002.0
NY,11203,4,3530.0,303543.0
NY,11203,5,3680.0,480844.0
NY,11203,6,540.0,154828.0
NY,11204,1,13990.0,169773.0
NY,11204,2,8620.0,308635.0
NY,11204,3,4390.0,269723.0
NY,11204,4,2440.0,210734.0
NY,11204,5,3290.0,445461.0
NY,11204,6,1320.0,979497.0
NY,11205,1,5080.0,67150.0
NY,11205,2,3810.0,139468.0
NY,11205,3,2590.0,159856.0
NY,11205,4,1860.0,160662.0
NY,11205,5,3110.0,434225.0
NY,11205,6,2020.0,1025765.0
NY,11206,1,12470.0,164512.0
NY,11206,2,9870.0,361285.0
NY,11206,3,6360.0,391773.0
NY,11206,4,3380.0,290719.0
NY,11206,5,4000.0,537075.0
NY,11206,6,1290.0,519705.0
NY,11207,1,16330.0,205574.0
NY,11207,2,12470.0,458236.0
NY,11207,3,7010.0,427473.0
NY,11207,4,3130.0,269602.0
NY,11207,5,2880.0,374068.0
NY,11207,6,390.0,123190.0
NY,11208,1,18870.0,234590.0
NY,11208,2,12900.0,468656.0
NY,11208,3,6720.0,409841.0
NY,11208,4,2780.0,239007.0
NY,11208,5,2430.0,313959.0
NY,11208,6,250.0,75027.0
NY,11209,1,9450.0,110517.0
NY,11209,2,6130.0,225033.0
NY,11209,3,5120.0,318724.0
NY,11209,4,3900.0,339077.0
NY,11209,5,6570.0,908135.0
NY,11209,6,3070.0,1278096.0
NY,11210,1,8450.0,105291.0
NY,11210,2,7030.0,260310.0
NY,11210,3,4840.0,298052.0
NY,11210,4,2790.0,241620.0
NY,11210,5,3600.0,489033.0
NY,11210,6,1730.0,1204297.0
NY,11211,1,6810.0,89523.0
NY,11211,2,5460.0,201313.0
NY,11211,3,4640.0,289123.0
NY,11211,4,3580.0,310605.0
NY,11211,5,7080.0,994616.0
NY,11211,6,4620.0,2011441.0
NY,11212,1,14960.0,189674.0
NY,11212,2,11260.0,414023.0
NY,11212,3,5840.0,354078.0
NY,11212,4,2470.0,211947.0
NY,11212,5,1950.0,248857.0
NY,11212,6,160.0,46217.0
NY,11213,1,9680.0,122688.0
NY,11213,2,7710.0,283742.0
NY,11213,3,5030.0,309414.0
NY,11213,4,2600.0,222858.0
NY,11213,5,2580.0,344779.0
NY,11213,6,770.0,336160.0
NY,11214,1,17160.0,205065.0
NY,11214,2,10380.0,373579.0
NY,11214,3,5590.0,343455.0
NY,11214,4,3290.0,283751.0
NY,11214,5,4490.0,601727.0
NY,11214,6,1160.0,374051.0
NY,11215,1,4900.0,55942.0
NY,11215,2,3830.0,142630.0
NY,11215,3,4170.0,262043.0
NY,11215,4,3750.0,325734.0
NY,11215,5,7800.0,1111301.0
NY,11215,6,8590.0,4891848.0
NY,11216,1,7380.0,92693.0
NY,11216,2,6200.0,231112.0
NY,11216,3,5400.0,333685.0
NY,11216,4,3420.0,295039.0
NY,11216,5,4650.0,636711.0
NY,11216,6,2070.0,810910.0
NY,11217,1,3440.0,41937.0
NY,11217,2,2760.0,102433.0
NY,11217,3,2740.0,171693.0
NY,11217,4,2290.0,198678.0
NY,11217,5,4950.0,705064.0
NY,11217,6,5290.0,2959627.0
NY,11218,1,10750.0,130991.0
NY,11218,2,6950.0,252095.0
NY,11218,3,4500.0,278766.0
NY,11218,4,3150.0,273130.0
NY,11218,5,4820.0,669825.0
NY,11218,6,2600.0,1045382.0
NY,11219,1,16320.0,217196.0
NY,11219,2,8820.0,308798.0
NY,11219,3,3590.0,219882.0
NY,11219,4,1830.0,157747.0
NY,11219,5,2330.0,314799.0
NY,11219,6,980.0,671769.0
NY,11220,1,28770.0,367121.0
NY,11220,2,12490.0,436891.0
NY,11220,3,4890.0,298752.0
NY,11220,4,2370.0,204221.0
NY,11220,5,2760.0,366599.0
NY,11220,6,780.0,283427.0
NY,11221,1,12550.0,159158.0
NY,11221,2,10880.0,403558.0
NY,11221,3,7750.0,476882.0
NY,11221,4,4120.0,354424.0
NY,11221,5,4580.0,612369.0
NY,11221,6,1500.0,590134.0
NY,11222,1,4040.0,48959.0
NY,11222,2,3360.0,125924.0
NY,11222,3,3900.0,243450.0
NY,11222,4,3250.0,282879.0
NY,11222,5,6030.0,840141.0
NY,11222,6,3560.0,1462791.0
NY,11223,1,13080.0,159387.0
NY,11223,2,8140.0,292608.0
NY,11223,3,4330.0,266414.0
NY,11223,4,2570.0,221827.0
NY,11223,5,3550.0,478494.0
NY,11223,6,1690.0,1732053.0
NY,11224,1,8300.0,96210.0
NY,11224,2,5120.0,186024.0
NY,11224,3,2870.0,175587.0
NY,11224,4,1750.0,151684.0
NY,11224,5,2150.0,286125.0
NY,11224,6,500.0,167657.0
NY,11225,1,8180.0,102852.0
NY,11225,2,7190.0,268148.0
NY,11225,3,5430.0,335010.0
NY,11225,4,3370.0,289202.0
NY,11225,5,3850.0,519827.0
NY,11225,6,1420.0,586109.0
NY,11226,1,16100.0,200239.0
NY,11226,2,13960.0,519602.0
NY,11226,3,9610.0,590637.0
NY,11226,4,5180.0,444820.0
NY,11226,5,5350.0,709309.0
NY,11226,6,1420.0,566689.0
NY,11228,1,7970.0,98092.0
NY,11228,2,4520.0,161294.0
NY,11228,3,2490.0,153191.0
NY,11228,4,1790.0,156069.0
NY,11228,5,2940.0,405072.0
NY,11228,6,1370.0,497796.0
NY,11229,1,12770.0,150164.0
NY,11229,2,8060.0,293022.0
NY,11229,3,5380.0,331976.0
NY,11229,4,3600.0,311785.0
NY,11229,5,5640.0,772067.0
NY,11229,6,2130.0,898213.0
NY,11230,1,12380.0,149880.0
NY,11230,2,8260.0,301363.0
NY,11230,3,5200.0,320470.0
NY,11230,4,3330.0,287870.0
NY,11230,5,4660.0,636184.0
NY,11230,6,2410.0,1673582.0
NY,11231,1,3350.0,39612.0
NY,11231,2,2400.0,88459.0
NY,11231,3,1910.0,118979.0
NY,11231,4,1540.0,134340.0
NY,11231,5,3540.0,503099.0
NY,11231,6,4160.0,2785469.0
NY,11232,1,4720.0,57873.0
NY,11232,2,3040.0,109680.0
NY,11232,3,1810.0,111407.0
NY,11232,4,990.0,85778.0
NY,11232,5,1330.0,180287.0
NY,11232,6,520.0,189700.0
NY,11233,1,10330.0,131268.0
NY,11233,2,8580.0,317082.0
NY,11233,3,5660.0,347699.0
NY,11233,4,2840.0,243936.0
NY,11233,5,3000.0,400128.0
NY,11233,6,990.0,366960.0
NY,11234,1,11270.0,136164.0
NY,11234,2,8980.0,333182.0
NY,11234,3,6710.0,415109.0
NY,11234,4,4660.0,403888.0
NY,11234,5,7530.0,1028613.0
NY,11234,6,2640.0,1077323.0
NY,11235,1,14980.0,171601.0
NY,11235,2,8690.0,316668.0
NY,11235,3,5600.0,345666.0
NY,11235,4,3760.0,324222.0
NY,11235,5,5400.0,735873.0
NY,11235,6,2170.0,951527.0
NY,11236,1,13560.0,169870.0
NY,11236,2,12240.0,455995.0
NY,11236,3,8600.0,527800.0
NY,11236,4,4860.0,418772.0
NY,11236,5,5410.0,715040.0
NY,11236,6,810.0,226475.0
NY,11237,1,7900.0,96707.0
NY,11237,2,6430.0,237625.0
NY,11237,3,4480.0,275618.0
NY,11237,4,2200.0,189403.0
NY,11237,5,2320.0,313636.0
NY,11237,6,550.0,177245.0
NY,11238,1,5520.0,66973.0
NY,11238,2,4920.0,185041.0
NY,11238,3,4900.0,306029.0
NY,11238,4,4020.0,348369.0
NY,11238,5,7190.0,1007620.0
NY,11238,6,5570.0,2736368.0
NY,11239,1,2760.0,34044.0
NY,11239,2,2440.0,90728.0
NY,11239,3,1710.0,104621.0
NY,11239,4,760.0,65291.0
NY,11239,5,630.0,80051.0
NY,11239,6,30.0,8798.0
NY,11354,1,15940.0,179403.0
NY,11354,2,6430.0,229318.0
NY,11354,3,3510.0,215609.0
NY,11354,4,2040.0,176547.0
NY,11354,5,2780.0,374085.0
NY,11354,6,940.0,350015.0
NY,11355,1,30810.0,356806.0
NY,11355,2,10610.0,371536.0
NY,11355,3,4370.0,267621.0
NY,11355,4,2340.0,201651.0
NY,11355,5,2760.0,368398.0
NY,11355,6,690.0,225385.0
NY,11356,1,6180.0,71868.0
NY,11356,2,3180.0,114439.0
NY,11356,3,1660.0,101653.0
NY,11356,4,1010.0,87267.0
NY,11356,5,1230.0,163403.0
NY,11356,6,290.0,93392.0
NY,11357,1,6420.0,75311.0
NY,11357,2,3700.0,134885.0
NY,11357,3,2710.0,168421.0
NY,11357,4,2100.0,182923.0
NY,11357,5,4130.0,574771.0
NY,11357,6,1960.0,854157.0
NY,11358,1,8220.0,94971.0
NY,11358,2,4200.0,151369.0
NY,11358,3,2500.0,154217.0
NY,11358,4,1660.0,145046.0
NY,11358,5,2910.0,399593.0
NY,11358,6,1150.0,388952.0
NY,11360,1,2470.0,27721.0
NY,11360,2,1550.0,56928.0
NY,11360,3,1350.0,84664.0
NY,11360,4,1120.0,98015.0
NY,11360,5,2510.0,352036.0
NY,11360,6,1290.0,454805.0
NY,11361,1,4610.0,53973.0
NY,11361,2,2750.0,100611.0
NY,11361,3,1890.0,117375.0
NY,11361,4,1400.0,122221.0
NY,11361,5,2670.0,367744.0
NY,11361,6,1100.0,385288.0
NY,11362,1,2460.0,27090.0
NY,11362,2,1460.0,54011.0
NY,11362,3,1220.0,75886.0
NY,11362,4,990.0,86322.0
NY,11362,5,2120.0,293088.0
NY,11362,6,940.0,341466.0
NY,11363,1,940.0,10101.0
NY,11363,2,500.0,18361.0
NY,11363,3,430.0,26761.0
NY,11363,4,320.0,28136.0
NY,11363,5,710.0,99410.0
NY,11363,6,590.0,339563.0
NY,11364,1,5740.0,67197.0
NY,11364,2,3560.0,129867.0
NY,11364,3,2480.0,154151.0
NY,11364,4,1940.0,168270.0
NY,11364,5,3600.0,493948.0
NY,11364,6,1320.0,446031.0
NY,11365,1,8070.0,95580.0
NY,11365,2,4920.0,178617.0
NY,11365,3,3040.0,187861.0
NY,11365,4,2050.0,178483.0
NY,11365,5,3190.0,433452.0
NY,11365,6,980.0,318768.0
NY,11366,1,2340.0,26862.0
NY,11366,2,1340.0,49144.0
NY,11366,3,880.0,54230.0
NY,11366,4,640.0,55987.0
NY,11366,5,1160.0,160792.0
NY,11366,6,570.0,191525.0
NY,11367,1,7160.0,84337.0
NY,11367,2,4120.0,149506.0
NY,11367,3,2680.0,165393.0
NY,11367,4,1800.0,155259.0
NY,11367,5,2570.0,349140.0
NY,11367,6,900.0,475428.0
NY,11368,1,24330.0,271916.0
NY,11368,2,13270.0,478268.0
NY,11368,3,6660.0,406139.0
NY,11368,4,2940.0,252086.0
NY,11368,5,2300.0,292782.0
NY,11368,6,230.0,66022.0
NY,11369,1,7810.0,89664.0
NY,11369,2,4850.0,176568.0
NY,11369,3,2770.0,169861.0
NY,11369,4,1450.0,124864.0
NY,11369,5,1500.0,196246.0
NY,11369,6,260.0,91846.0
NY,11370,1,5370.0,62695.0
NY,11370,2,3260.0,118822.0
NY,11370,3,2020.0,124549.0
NY,11370,4,1200.0,103943.0
NY,11370,5,1630.0,219955.0
NY,11370,6,410.0,124250.0
NY,11372,1,12620.0,142112.0
NY,11372,2,7780.0,284513.0
NY,11372,3,5200.0,320460.0
NY,11372,4,3040.0,262294.0
NY,11372,5,4020.0,546344.0
NY,11372,6,1430.0,466119.0
NY,11373,1,23280.0,263114.0
NY,11373,2,12830.0,464569.0
NY,11373,3,7230.0,443764.0
NY,11373,4,3810.0,327764.0
NY,11373,5,4020.0,529252.0
NY,11373,6,690.0,219088.0
NY,11374,1,6880.0,77647.0
NY,11374,2,4350.0,160797.0
NY,11374,3,3710.0,230953.0
NY,11374,4,2700.0,234914.0
NY,11374,5,4200.0,574339.0
NY,11374,6,1350.0,455142.0
NY,11375,1,7830.0,86730.0
NY,11375,2,5090.0,189568.0
NY,11375,3,4850.0,303787.0
NY,11375,4,4220.0,366949.0
NY,11375,5,8240.0,1148384.0
NY,11375,6,5120.0,2112799.0
NY,11377,1,17250.0,199153.0
NY,11377,2,10650.0,388013.0
NY,11377,3,6990.0,431571.0
NY,11377,4,4130.0,356491.0
NY,11377,5,5100.0,682972.0
NY,11377,6,1250.0,387829.0
NY,11378,1,6260.0,74214.0
NY,11378,2,3990.0,146240.0
NY,11378,3,2740.0,169577.0
NY,11378,4,1710.0,148103.0
NY,11378,5,2750.0,374720.0
NY,11378,6,710.0,223641.0
NY,11379,1,5040.0,58901.0
NY,11379,2,3370.0,123774.0
NY,11379,3,2750.0,170433.0
NY,11379,4,2060.0,178358.0
NY,11379,5,3640.0,503757.0
NY,11379,6,1300.0,426702.0
NY,11385,1,15510.0,187525.0
NY,11385,2,11970.0,443804.0
NY,11385,3,8950.0,552652.0
NY,11385,4,5180.0,447518.0
NY,11385,5,6500.0,874377.0
NY,11385,6,1430.0,461197.0
NY,11411,1,2710.0,33486.0
NY,11411,2,2470.0,92608.0
NY,11411,3,1950.0,119765.0
NY,11411,4,1240.0,106877.0
NY,11411,5,1790.0,235964.0
NY,11411,6,290.0,76729.0
NY,11412,1,5860.0,73032.0
NY,11412,2,5110.0,190913.0
NY,11412,3,3660.0,224926.0
NY,11412,4,2060.0,178353.0
NY,11412,5,2390.0,313226.0
NY,11412,6,320.0,85800.0
NY,11413,1,5880.0,72352.0
NY,11413,2,5310.0,199399.0
NY,11413,3,4000.0,246231.0
NY,11413,4,2410.0,208417.0
NY,11413,5,3110.0,415186.0
NY,11413,6,550.0,149968.0
NY,11414,1,3160.0,38703.0
NY,11414,2,2500.0,93037.0
NY,11414,3,2270.0,141592.0
NY,11414,4,1660.0,144102.0
NY,11414,5,2890.0,394929.0
NY,11414,6,950.0,303603.0
NY,11415,1,2290.0,26213.0
NY,11415,2,1720.0,64797.0
NY,11415,3,1670.0,104256.0
NY,11415,4,1230.0,106282.0
NY,11415,5,1880.0,256908.0
NY,11415,6,580.0,214794.0
NY,11416,1,5120.0,63226.0
NY,11416,2,3580.0,129384.0
NY,11416,3,1980.0,120687.0
NY,11416,4,1050.0,90012.0
NY,11416,5,950.0,123470.0
NY,11416,6,90.0,25811.0
NY,11417,1,5410.0,65516.0
NY,11417,2,3860.0,142369.0
NY,11417,3,2540.0,156298.0
NY,11417,4,1450.0,125058.0
NY,11417,5,1850.0,247786.0
NY,11417,6,310.0,86523.0
NY,11418,1,6720.0,78450.0
NY,11418,2,4690.0,172314.0
NY,11418,3,2750.0,168294.0
NY,11418,4,1460.0,125567.0
NY,11418,5,1840.0,246382.0
NY,11418,6,480.0,145579.0
NY,11419,1,10260.0,111599.0
NY,11419,2,6880.0,249346.0
NY,11419,3,3680.0,225136.0
NY,11419,4,1780.0,153874.0
NY,11419,5,1840.0,241137.0
NY,11419,6,220.0,62736.0
NY,11420,1,8400.0,99033.0
NY,11420,2,6620.0,243335.0
NY,11420,3,4110.0,252709.0
NY,11420,4,2220.0,191851.0
NY,11420,5,2440.0,321829.0
NY,11420,6,370.0,107608.0
NY,11421,1,7880.0,93912.0
NY,11421,2,5520.0,201719.0
NY,11421,3,3300.0,202422.0
NY,11421,4,1760.0,151987.0
NY,11421,5,1990.0,264713.0
NY,11421,6,280.0,84331.0
NY,11422,1,4490.0,54047.0
NY,11422,2,3910.0,146848.0
NY,11422,3,3000.0,183882.0
NY,11422,4,1800.0,155107.0
NY,11422,5,2380.0,316530.0
NY,11422,6,390.0,121857.0
NY,11423,1,4860.0,57033.0
NY,11423,2,3880.0,144063.0
NY,11423,3,2500.0,153464.0
NY,11423,4,1440.0,124210.0
NY,11423,5,1770.0,234696.0
NY,11423,6,460.0,165246.0
NY,11426,1,2600.0,31748.0
NY,11426,2,1910.0,70165.0
NY,11426,3,1360.0,84627.0
NY,11426,4,1030.0,88872.0
NY,11426,5,1900.0,261746.0
NY,11426,6,530.0,154994.0
NY,11427,1,3440.0,40163.0
NY,11427,2,2520.0,93712.0
NY,11427,3,1900.0,117853.0
NY,11427,4,1250.0,108281.0
NY,11427,5,1950.0,261713.0
NY,11427,6,590.0,201629.0
NY,11428,1,3160.0,36968.0
NY,11428,2,2440.0,90677.0
NY,11428,3,1690.0,103706.0
NY,11428,4,1100.0,94662.0
NY,11428,5,1360.0,182928.0
NY,11428,6,220.0,65203.0
NY,11429,1,4120.0,50375.0
NY,11429,2,3420.0,126893.0
NY,11429,3,2470.0,151854.0
NY,11429,4,1390.0,119930.0
NY,11429,5,1570.0,206795.0
NY,11429,6,200.0,57200.0
NY,11432,1,10570.0,121604.0
NY,11432,2,6940.0,253022.0
NY,11432,3,4320.0,265802.0
NY,11432,4,2340.0,202075.0
NY,11432,5,2940.0,393568.0
NY,11432,6,920.0,378196.0
NY,11433,1,6410.0,77757.0
NY,11433,2,4880.0,179060.0
NY,11433,3,2840.0,173626.0
NY,11433,4,1480.0,127580.0
NY,11433,5,1350.0,176359.0
NY,11433,6,130.0,46559.0
NY,11434,1,9730.0,121720.0
NY,11434,2,8790.0,328735.0
NY,11434,3,6430.0,394490.0
NY,11434,4,3520.0,303495.0
NY,11434,5,3640.0,475141.0
NY,11434,6,390.0,103723.0
NY,11435,1,9750.0,113685.0
NY,11435,2,6950.0,255539.0
NY,11435,3,4560.0,280333.0
NY,11435,4,2640.0,227673.0
NY,11435,5,2950.0,386832.0
NY,11435,6,420.0,129667.0
NY,11436,1,3370.0,40635.0
NY,11436,2,2810.0,104359.0
NY,11436,3,1800.0,109699.0
NY,11436,4,1000.0,86204.0
NY,11436,5,1010.0,131314.0
NY,11436,6,120.0,36789.0
NY,11691,1,9000.0,111461.0
NY,11691,2,6480.0,237099.0
NY,11691,3,3510.0,214821.0
NY,11691,4,1790.0,154253.0
NY,11691,5,2040.0,271469.0
NY,11691,6,530.0,240882.0
NY,11692,1,3190.0,40661.0
NY,11692,2,2320.0,84938.0
NY,11692,3,1400.0,85537.0
NY,11692,4,740.0,63781.0
NY,11692,5,960.0,126828.0
NY,11692,6,200.0,68462.0
NY,11693,1,1750.0,21266.0
NY,11693,2,1290.0,47805.0
NY,11693,3,890.0,55148.0
NY,11693,4,630.0,54222.0
NY,11693,5,950.0,128869.0
NY,11693,6,210.0,63038.0
NY,11694,1,2020.0,22622.0
NY,11694,2,1460.0,54317.0
NY,11694,3,1240.0,76963.0
NY,11694,4,960.0,83917.0
NY,11694,5,1950.0,272860.0
NY,11694,6,1110.0,454309.0
NY,11697,1,390.0,3787.0
NY,11697,2,290.0,10652.0
NY,11697,3,280.0,17430.0
NY,11697,4,290.0,25052.0
NY,11697,5,730.0,103310.0
NY,11697,6,400.0,139505.0
NY,99999,1,19150.0,237038.0
NY,99999,2,15410.0,566215.0
NY,99999,3,10770.0,664620.0
NY,99999,4,7510.0,651621.0
NY,99999,5,13750.0,1918767.0
NY,99999,6,12210.0,18977340.0
