RegionName,2024-08-31,2024-09-30,2024-10-31,2024-11-30,2024-12-31,2025-01-31,2025-02-28,2025-03-31,2025-04-30,2025-05-31,2025-06-30,2025-07-31,2025-08-31,2025-09-30,2025-10-31,2025-11-30,2025-12-31,2026-01-31,2026-02-28,2026-03-31,2026-04-30,2026-05-31,2026-06-30,2026-07-31,2026-08-31
11208,2334.140601331914,2371.6424981951063,,2793.4890982304833,2745.138287214464,2650.163487559508,2570.188873880009,2663.9118702634823,2635.09145953341,2517.028308760426,2574.333783139386,2647.3566303627763,2757.8103043193387,2806.8976121228693,2892.389184530416,2922.642908140135,2803.9690278714825,2709.869314296587,2760.5295620165325,2818.861146949084,2822.079699072217,2859.983363702369,2882.001229636619,3081.5367312787025,3300.3777777777777
11385,3148.3221067026316,3121.3391942350563,3065.152761831943,3009.576607180957,2988.710658687823,3045.6341401150767,3086.4271175698577,3135.1795414288567,3133.6841218067416,3190.715424061372,3235.4760747013024,3285.7061740977683,3261.547718030208,3245.09396738574,3208.5552374908425,3197.2787116614145,3155.716862311691,3193.947223856596,3243.243401858159,3298.1998460372356,3324.2339374030093,3391.986552561276,3461.130752022504,3463.820890368964,3452.897435897436
11373,2650.1357795834483,2681.5747876578916,2565.4205961939465,2581.2579996624827,2513.2515626387026,2544.3967168030795,2535.328227384818,2568.431230235556,2572.834161093615,2576.34542962094,2594.9335127061713,2635.661213914144,2663.948428290447,2672.700503505768,2720.23376031379,2741.3969981422993,2814.830043995661,2796.38158122705,2757.7158294666247,2742.1855515808033,2791.2909144646515,2873.5030554671225,2837.779177432785,2849.135066261309,2823.6190476190477
11226,2867.6595516108428,2852.075524565664,2797.2350685276733,2766.7572928406744,2747.522153072104,2779.732642042906,2784.2961635744946,2821.520859886197,2832.0526534686323,2887.258500065632,2915.5944860212517,2941.409662565261,2940.0611969683355,2936.6862700239712,2921.938461058357,2900.86134196364,2882.0130308282965,2876.019873092559,2899.93733038395,2929.4929099140045,2955.2895798118116,2969.195953486191,3001.3232133049155,3034.121137140547,3064.9951362683437
10467,2091.6553827334824,2019.74243658498,2047.7700922305744,2112.4490799644386,2202.297271405258,2221.1723393650423,2225.0174480001688,2156.1143520183355,2072.0203336974932,2057.7983750312383,2187.71753600009,2284.403921267459,2341.4083281948956,2276.9817329644097,2316.8783428770353,2294.197789780824,2302.0547622796744,2235.366056221714,2290.9874261609557,2327.900041709349,2337.224880099367,2348.299576770232,2399.352480324556,2403.9823351700015,2367.9166666666665
11207,2986.3207989088564,2971.851830473034,2972.5052939324187,2932.5558240339947,2875.5025887103757,2911.12801070869,2963.4882262911783,3018.4892042998217,3017.611256590278,3034.510430211106,3087.7925533255134,3082.795488866416,3100.0878847867853,3119.7589942644704,3143.334778381756,3158.5382697898403,3213.017657204677,3230.5325313516287,3204.8052607551504,3160.50256956757,3150.038861765416,3242.212156172129,3296.286621613692,3357.31838653054,3328.981774613488
10314,2387.7052570835644,2372.508432136012,2387.401781097485,2364.6037692903055,2457.7592922521535,2468.5226307603025,2458.9620286753393,2391.2424033869493,2401.3946053138693,2414.2731329046132,2438.509630314784,2448.570376883238,2419.7356581874674,2444.7946826332027,2446.6435731701367,2468.1599224284355,2465.2150970372313,2500.4042282751484,2522.9852634683384,2490.22733433469,2495.943946984727,2491.4737752294077,2568.4208203808525,2583.127019672675,2638.3333333333335
11219,,,,,,,,,,,,,,,,,,,,2784.0607656045577,2851.0695533805097,2924.787541210021,3011.5809200407944,3040.7843933678487,2872.111111111111
10025,4307.023229085672,4288.311130523418,4253.837779850532,4197.932103076468,4171.41936357868,4167.7256193392695,4212.474307038302,4254.889245627507,4305.188624362833,4342.476768788569,4416.546374160392,4474.083767217898,4522.720424535629,4511.1886301406585,4494.607597151123,4411.455333763833,4348.575296767003,4354.7455054574875,4420.225378001599,4522.590717415948,4555.909701493798,4636.079649215124,4692.319860808826,4769.053952339173,4748.143601666182
11206,3723.362513649731,3673.397205217011,3650.5820756220583,3623.3036715625863,3626.3815378571376,3628.980835861524,3609.1308173027537,3663.554288216502,3691.576761872358,3776.020073041695,3811.1042585360974,3850.478669643084,3870.324215766837,3851.2027255013654,3836.884758609133,3769.151990382947,3737.466361255523,3731.384597013036,3794.876207329471,3832.2014615129033,3875.918889819828,3936.418509307365,4009.05243876792,4054.376352222637,4076.395988138845
11221,3321.646070009418,3274.4692623899155,3254.64626536594,3213.9117223201656,3207.8158768677818,3178.3533211955096,3229.897001165578,3284.9506439357237,3357.9048745381115,3379.4855000382604,3411.481910057299,3420.692667456062,3433.5347148842884,3426.7100518752413,3406.7688491868416,3368.0965926349886,3342.305316149265,3368.375607888174,3408.1959634916957,3454.0026967910935,3473.697364067092,3541.9883017175625,3595.272308880098,3637.7805076998425,3649.975291365365
11220,2548.14253013292,2560.300280786687,2574.190594106917,2573.0563945836507,2596.335740830654,2587.4502953680835,2573.1384591597175,2545.1317410359075,2572.4577327532193,2609.581080783822,2661.442461334749,2694.0074694413356,2723.7570781893464,2727.923263470079,2712.125016047211,2696.067294728259,2682.4371296841546,2717.099477146817,2769.198273789049,2810.7990921931896,2795.3983781807688,2863.371636144097,2881.2306016344664,2919.406880125031,2881.3333333333335
11236,,,,,,,,,,,,,2524.880020906906,2571.4434148643227,2593.6622331105978,2635.7647999002893,2551.230461978812,2626.0215525628473,2620.4848069083514,2640.9063782630333,2686.7933905331724,2711.633885923309,2826.586479087118,2807.906443928399,2897.1666666666665
11214,2511.4877128354456,2586.58867123045,2617.2644281270605,2614.884419683965,2554.477914228491,2524.286008057381,2544.9020774352757,2581.4626675056634,2622.347532548693,2597.979952331186,2614.4574100555005,2609.735603030865,2641.4200358963635,2709.744295336918,2743.855576308957,2741.3316415439285,2656.6188433214884,2639.3676415071245,2671.291241311837,2744.250993396054,2699.1886833945,2666.366551175508,2595.647786481351,2656.213783602537,2709.1071428571427
11212,2436.958758790193,2376.7296092148295,2392.7413195195154,2455.37002750785,2433.880049984044,2504.148381201539,2541.23049217227,2565.5018694110227,2599.184113867967,2574.406882097439,2572.6396642170166,2514.6567670143004,2495.8542965521783,2404.6965990655476,2485.378678669896,2528.3856536650396,2755.1990687770094,2726.107426112446,2695.0425203114205,2561.0847653094975,2549.8441747800107,2672.2677822865,2786.1466781460485,2816.9739393256077,2727.444444444445
10456,,,,,,,,,,,,,,,2070.7689612555764,2153.5947637291247,2233.637072232546,2048.8637125836867,2080.9564705044945,1986.9111716594991,2172.758490582449,2214.3015669346437,2409.0810034550304,2486.6261803327407,2458.6388888888887
11377,2758.755124350475,2744.8210074297936,2759.860728210965,2742.255094148956,2782.642820399236,2757.795398537778,2759.4444567783153,2768.196519106105,2783.5727092767465,2786.231283747092,2791.2620342145315,2894.5374900827665,2991.326197337266,3020.293555936772,2961.015562472762,2865.1234290100597,2865.413184582444,2848.9099937249243,2924.206482269669,2932.57311828082,2987.3343357721255,2962.2703890993275,2979.0101357854496,3013.2496088867983,3067.564916564917
11234,,,,,2680.388346555913,2652.15670161006,2657.07380452278,2647.9061762174374,2722.306905465006,2706.051997249666,2597.521983469354,2637.1365084464596,2718.2716368874626,2850.968073799494,2785.4188502061397,2734.1760816015744,2833.540713695092,2896.004125155108,3107.233074013597,3115.4762419799326,3137.678800276092,2897.869135710618,2825.5164162540627,2774.267216251449,2848.095238095238
11230,2700.7930429908465,2650.90493105099,2627.4802926791103,2634.9592763799906,2668.6354199641532,2679.0734672356616,2638.3313280696148,2621.6668482510386,2602.6189888861213,2651.96130400584,2698.4454920733497,2751.7665897677784,2766.8761028769895,2727.368653498707,2725.723415071476,2736.6830557610497,2755.085932146967,2777.1432994912143,2748.58262086903,2745.9034078258214,2703.2805476135964,2740.9818312572593,2776.6697636300696,2800.0965768728165,2806.970476190476
11223,2382.4121089943233,2361.458773946196,2279.6452477942103,2271.208265849485,2267.6183447985254,2317.2713794460738,2319.6360787075814,2322.680193801922,2328.1663381934222,2324.116853006159,2320.2733899112586,2344.2396658581665,2410.8452642203174,2432.3069098988385,2363.121429676859,2308.422148040353,2258.838032691733,2379.1402107606896,2490.0234824130303,2587.16384690126,2556.7589882617904,2426.274130647439,2413.2222622499635,2403.277170830763,2537.4333333333334
11233,2967.147200512603,2934.4502329946213,2923.7102010465214,2907.555518974207,2922.136306207667,2938.053762747664,2963.4613741149524,2988.4468306209837,3007.654222324689,3032.3933602076145,3066.1452810133437,3107.1545637111,3126.1837264793403,3118.3353741605683,3089.2992773193823,3092.2896168954244,3070.6831802681636,3102.8438898255063,3135.579420484664,3183.851967358562,3191.9864893067365,3219.7650095671406,3258.123730164067,3279.60351189339,3268.9259809259806
11204,2225.005985088668,2157.4425783598267,2196.480998451047,2172.2103376557056,2070.5120643399696,2054.2444030279894,2114.0669495754287,2240.8138480580265,2271.9835260285317,2262.1003639402647,2251.4182579978483,2348.3613251096303,2326.7409824513734,2446.449007830324,2414.809776763805,2380.3749338073094,2341.560603286054,2322.104851509558,2397.343229230587,2496.1351038486914,2528.2351522691797,2533.5625708257708,2474.195623544475,2497.976346222189,2496.3888888888887
11355,2587.3874310329365,2543.932961995657,2543.436635706197,2547.833832062402,2598.9776659272616,2574.602745420524,2554.396104416464,2573.555562907706,2556.721895152391,2630.214518049675,2634.314935799993,2704.3052065930783,2771.614689651311,2810.2167874414745,2807.564294046443,2739.388181797679,2702.7282393484916,2695.0169034175874,2674.50947710277,2677.132777802841,2678.3467315259404,2754.1235207016034,2781.2867743141064,2820.950256988754,2783.8846560846564
10453,,,,,,,,,,,,,,,,,,,,2292.3917310024062,2523.9794220878675,2426.6502049729647,2388.1466933105344,2253.298611211589,2136.6666666666665
11235,2440.875190635899,2439.626861962645,2443.11751441406,2472.138927830409,2481.872348479812,2469.3921977097275,2427.7462046272094,2417.4692547733,2440.970401304133,2448.714211072356,2501.5227388512108,2475.848968567292,2523.125996078086,2522.4582005770744,2551.179059176004,2566.1685436922744,2583.32159822001,2572.144745220784,2552.9129477330025,2515.561989984528,2544.3583401783285,2511.2207904445972,2518.0232686386994,2567.552076566456,2589.9526214526218
10457,,,,,,,,,,,,,,,,,,,,,,,,,2388.25
10029,3204.823966427335,3160.966752828652,3120.229789348282,3114.1133541613453,3133.142803611127,3153.863201572819,3173.2981124769312,3184.8010891985355,3207.936926204768,3257.1984130874803,3303.7095640095004,3351.0763673633855,3368.0849282833547,3385.254964475542,3334.5957942707946,3297.96687795882,3248.7506214615496,3238.9673355998016,3262.309732354908,3322.0636585502016,3403.5139078733437,3457.276053230727,3503.8254481314766,3527.3830781740953,3561.747597930525
11375,2878.48867642337,2861.3533941460987,2900.184969056915,2904.1076869903713,2895.8603540878203,2905.0419159906705,2883.8857331225695,2884.1979353027164,2856.8148328943503,2882.7642951848734,2942.791625752248,2988.3988687653496,2993.866718762358,3010.231506860076,3015.5084704102087,3050.5576565615984,3017.9361750399626,2987.9094196331394,2967.622903021792,3027.98340698852,3120.7449475911917,3139.6984237255656,3140.778593968376,3137.643244995149,3162.9037037037037
10002,4141.776720076527,4103.977976793485,4070.2421886971742,4024.0445010043936,4039.9772780255216,4050.386711955272,4093.3720747488287,4129.541398191423,4175.757657356887,4236.124987383847,4285.770368820453,4349.327692553487,4412.793455008461,4408.233491801905,4422.617958545163,4393.12881138393,4381.386811206436,4354.621392016822,4373.907852572275,4437.426826607633,4504.618422732607,4590.153970380477,4689.0083918090295,4742.55398015927,4755.70543899425
11229,2357.8483875600505,2337.5802525527506,2351.6115785462675,2378.8416305967176,2379.5395399590525,2407.5677427240635,2356.432683237025,2409.537449053309,2365.5967518905327,2382.017128058444,2399.347464614579,2442.196946460291,2493.6948069884907,2560.8278523951444,2687.945741033776,2712.931142158262,2721.0155343188017,2642.2692363564947,2732.934725918461,2783.2763996890385,2801.0536897590705,2780.4438958942724,2690.493493749974,2689.662928493284,2653.8809523809523
10458,2436.5930606186303,2395.708135553092,2420.5252789585547,2482.025031505797,2619.268329901073,2621.801644565681,2567.4859169050665,2496.715716678793,2533.603757761673,2536.554277663388,2446.0270163061195,2429.752905185936,2421.800506159101,2509.528406094078,2497.874275943738,2537.026716310971,2568.4238175131713,2586.693951740707,2646.698047205116,2672.5851347499683,2724.096442720754,2800.437082550414,2799.259578104152,2933.59885089063,2863.7428571428572
10452,,,,,,,,,,,,,,,,,,,,2181.99894648303,2249.7125380261637,2448.71136247375,2520.3487770469596,2567.0277770135085,2516.0
11218,3100.7751855967326,3103.864074054301,3067.6962242901204,3107.5701814826707,3083.323648765176,3097.7971773528416,3109.0666917574704,3113.1297070349724,3125.646790424468,3104.8669780311116,3168.588675431431,3247.5625038974613,3285.6040857014123,3293.235102436383,3276.466809348616,3262.8524069798623,3271.6604521891686,3221.2229720316036,3261.8739961031274,3266.583568324545,3333.4029558632997,3324.650726145174,3342.673921383696,3331.7444483936315,3346.875130718954
11203,2591.3459336178685,2570.3154830900776,2553.331124847699,2578.5834692916583,2563.8963449294574,2600.1816244891716,2602.8930101373885,2620.7630277544013,2620.3889337727587,2647.2132470629113,2683.895834410075,2715.5694035639044,2721.702301313078,2816.919773174435,2964.0390323181614,2909.03661443794,2884.372581827787,2727.9825387523415,2776.768335189795,2715.9388057751394,2724.30963065971,2713.7109504081204,2797.3293957129813,2866.611399011999,2898.960927960928
10462,2229.7485892126547,2194.7129110044634,2168.7249873805245,2182.1561817682655,2148.4097324040376,2180.984099599431,2211.7122584788212,2299.1958986479813,2335.0040750889157,2346.142134693529,2315.9172705968326,2285.0017364439327,2341.1404978119044,2313.5803786741553,2347.62891766642,2327.9465424636887,2444.070870282771,2497.5788095931784,2439.4104422523146,2497.7276194539595,2434.953889488322,2480.162172537203,2451.537388074762,2482.5887867083197,2528.211111111111
10468,2004.1931505139028,2001.4853017094645,2035.767024639499,1984.9592530546863,1970.433436054032,2019.0103404493843,2023.8666459596536,2048.3640663133983,2037.9827562678056,2113.9457355850654,2111.946394980104,2053.9215749729324,2056.9162331298294,2109.3392557736233,2206.7387646767293,2193.613643581504,2101.769983063283,2030.9502683562064,2049.580456875094,2143.557116189416,2188.640597038344,2123.5075898758946,2137.419192494277,2195.416894331144,2225.845238095238
10466,,,,,,,,,,,,,,,3154.3246999432354,3144.802310573193,3108.5722161819676,3133.577625709886,3081.921987501374,3212.408054675373,3289.755873391244,3386.3368403857644,3307.3521158287544,3299.2886387420913,3237.1666666666665
11691,,,,,,,,,,,,,,,,,,,,,,,,3361.0224535426582,3428.0
11201,4294.905632868164,4317.6632268232215,4297.0341764412515,4262.936072522997,4252.41584152607,4266.686523424814,4324.138748862142,4346.143111863104,4373.407263607012,4406.33144627116,4465.815927769569,4493.525320603606,4506.943701613194,4480.8994810187,4450.563573311016,4411.707364340642,4363.6485314776155,4399.558024615572,4451.854238722646,4556.0912844580525,4616.392169076657,4651.2590701572135,4662.006148098229,4656.028606135873,4678.878951580632
11209,2522.1990370338904,2564.39051500658,2576.7481476184503,2615.5761823909643,2597.6174184404967,2632.5593821679386,2590.601708363583,2591.2824271571703,2597.2950988581356,2622.0740267103533,2667.145553836081,2700.3727339902184,2741.1565652974155,2739.4882673970014,2742.6722726486105,2724.1194196484603,2729.4463337853135,2718.8229006033657,2718.678397275122,2686.735741396102,2722.312025780882,2763.856457834813,2834.2485183746476,2849.848613202777,2861.6303418803423
11213,2889.8755986171022,2879.2744283090938,2860.486607899864,2854.124540167162,2814.226266706998,2822.656521122717,2830.125025091691,2899.693818893857,2941.243265126882,2969.5648288751977,2978.5165699230706,2993.9722779018543,3021.4482090100537,2994.288588114813,2969.045844324721,2918.630828703625,2961.0602685052945,2981.5373612483863,3070.1335859202172,3067.853863217983,3110.8957633661284,3080.847321135601,3109.2577721525,3106.195473524206,3157.940960960961
11215,3849.543744753598,3848.1424832296575,3829.177299310833,3770.3775057856783,3744.378713388231,3743.590384614482,3808.0105519981103,3872.1132905368154,3925.615582964253,3944.174326233436,3959.50662981838,4001.099785647819,4055.052387258466,4044.513142986297,4003.3613319990177,3929.239768120434,3945.761510514917,3963.83735226631,4030.4735056008785,4089.137571309118,4177.792667500067,4241.4827117897,4268.693459294324,4276.230655004659,4310.3588659222305
10469,2612.188896978045,2545.443294785048,2595.001767430101,2571.0341899200744,2718.3636156962134,2716.9916628610263,2759.511828102078,2675.4843486127825,2665.163733644255,2625.3913410109044,2728.6616789113423,2792.9408645459243,2872.7300787457184,2877.206874206699,2903.059301769963,2873.4433358186443,2740.8842614371497,2644.382932468368,2709.152563058082,2848.524399522358,3018.9190269688515,3044.2012636086997,3056.4680824768147,3036.0321062357843,3009.508333333333
10463,2853.676483361063,2837.4163676361372,2894.649078342154,2915.8921728372525,2930.3709254950268,2954.36053828107,2911.822391752577,2929.887029610022,2937.090460136691,2959.4644365166223,3012.0631880096994,3036.5388613802666,3102.8329921809764,3104.0998136633425,3125.0844256146206,3133.867568414762,3059.32242310109,3068.753570924251,3156.9135273311767,3237.7427180286204,3241.582791580237,3145.523748171792,3157.419644490062,3183.6863445328954,3208.3703703703704
11211,4522.1632177092515,4539.45982772883,4478.247087872045,4475.789588605081,4402.937369827085,4439.80255258527,4476.395171967371,4552.2901708675245,4604.542372562505,4664.703325680955,4715.08405250678,4757.405223307019,4784.78719727739,4779.719590831302,4730.461288471734,4669.267528486435,4600.083932211521,4624.629940211957,4666.461792428852,4820.205809623974,4884.167535155501,4952.763460099993,4984.872609743742,5019.543014097885,5019.9490238747785
11372,2443.8734401206343,2414.639006567802,2395.2832492862753,2405.0188747940215,2461.800727845869,2527.866462507269,2578.9883133176586,2553.9769765738306,2522.33499128791,2538.4135735508244,2570.7570757539347,2634.079425881031,2628.4651030182304,2592.6050529783465,2522.522296917588,2505.6574878099186,2535.0548234162447,2570.463225282027,2577.7320637059893,2536.462005911409,2563.639979542525,2600.790711332078,2656.1285277780476,2660.562650523342,2669.68253968254
10312,1806.578541979295,1914.923596073228,1920.1601988405464,1961.121956253695,1879.4071656137685,1955.532440892612,1898.4150767539932,2033.216762396981,2039.17669766388,2094.984867060606,2029.2687831600017,2076.11952193571,2129.789447499488,2085.74640662357,2063.675680527147,2045.840556705616,2230.5398515527363,2285.9425528306306,2272.2848095725462,2164.3998328122584,2058.581588137617,2183.469314080173,2210.2287017476847,2326.8676822446105,2276.6666666666665
10472,,,,,,,,,,,,,,,,,,,,,,,,2824.9150530023526,2824.25
11432,2484.3649036111924,2540.020880191874,2451.9454593703763,2429.5654212072054,2410.790092568627,2435.816882356189,2531.9794088486137,2530.5270451769215,2594.588017610238,2546.3614861137903,2528.015338519854,2495.083388430793,2512.1201299111212,2542.6884166549044,2562.735063323922,2551.703890187937,2502.5937025900025,2471.263905050476,2484.2906472370873,2543.434764258905,2639.431897274472,2684.586871853094,2704.294772562793,2700.0439530684903,2714.9497354497357
10027,3578.051728201792,3531.8829782255284,3525.0594327851586,3469.3598485352613,3467.9549384755805,3470.720610375709,3507.2405210165984,3592.8411821375685,3606.61155717938,3645.69114396398,3679.58681928589,3745.090260259669,3791.801018630956,3784.1774395530274,3770.994571795162,3714.161080046677,3680.0007525748233,3650.91127475571,3654.560333346598,3681.600019837942,3725.133935406197,3818.6516481820454,3876.918068539246,3916.554493221448,3918.4893053730266
10024,3866.9728553559007,3847.466709130944,3820.124645884476,3783.6818078856945,3779.5224964800896,3808.891155454509,3855.381694080261,3907.4521127787057,3952.540611906401,3987.346032974013,4071.705457310069,4143.133491364884,4208.477063692464,4202.603038274016,4210.57491727441,4220.907740063096,4210.535817451905,4186.299180438134,4162.873680562458,4215.85387838152,4287.339984696993,4365.813114714801,4416.849608025472,4457.0312103702345,4502.308419599724
10023,4332.713954361966,4327.695245205837,4304.154998238896,4307.299466824616,4302.138504538863,4326.596449758031,4371.160001804501,4419.062033605457,4458.872740601466,4488.11516005852,4553.688914719062,4646.64080699622,4705.204523280714,4734.879668206656,4700.430028465908,4705.898303517169,4657.541803724454,4622.467445383382,4631.89260833119,4686.431536495762,4762.473525486644,4828.24949582605,4895.7915750557795,4946.266240328227,4939.447148143597
11210,2745.8357713110818,2744.505364079054,2733.0332711144415,2741.294473230309,2742.819383541041,2678.6416711357715,2670.5634864404665,2726.435167277197,2777.884858926802,2806.4474606871586,2787.2844079078723,2806.952784654281,2805.71480869651,2802.636487914074,2789.6587973677247,2776.5379244864184,2766.316507800601,2777.233445801478,2753.274695364572,2764.3685805600317,2738.202448633444,2817.406937039255,2851.5798769108305,2952.5241778510695,2942.7535173160177
11238,3797.2959400745463,3778.9779777807967,3731.912632257448,3711.8653623352848,3681.69569035498,3700.15898411572,3762.2796163174967,3825.585258125131,3875.371016674801,3897.0181680419473,3945.7042525525394,3993.4415661892663,4005.7585709901223,3902.695509405118,3865.996508258895,3899.8445264951615,3997.5756664532128,4040.1105416071687,3986.1695773019824,3999.672265650448,4021.581866836176,4097.39030251632,4127.75022855845,4167.917948888454,4202.121387871389
11216,3322.316433067826,3317.5471269315717,3312.2915555898276,3277.316285480132,3221.327693911243,3175.81511258472,3183.670216830475,3230.389815596065,3309.812349322523,3361.993655912285,3423.7476887053067,3430.7344871594805,3450.411512745278,3428.1578155630905,3395.451716941697,3307.7579248886104,3238.9711936961985,3264.7222908198546,3374.399766962945,3473.2878130575514,3527.2024420488506,3547.6954872365313,3588.676134529695,3617.881780229337,3632.588452205224
10128,3671.1880799498385,3657.879385251535,3644.371444798768,3630.716130447253,3589.7710681326985,3595.673868130348,3621.4427128722577,3688.517351757536,3737.7042647248454,3789.033489649912,3873.5206426261334,3943.388484325413,3978.576991248816,3979.191234386645,3966.577727340459,3933.229862868801,3891.0070071024497,3868.8635192922698,3888.56607361359,3937.671277273231,4002.945886465093,4092.188547002389,4167.374162096695,4225.2999336629155,4229.775584076005
10032,2846.0536276639514,2821.2953405818125,2810.4911801902053,2740.404741529957,2748.6915020413244,2758.9245735840886,2830.9213592984556,2865.915098965189,2886.805225059884,2884.6200185958833,2923.1648539585303,2938.9450672144344,2981.577987830967,2952.9215565796185,2956.3217616464185,2925.5153328541155,2950.3190176532366,2944.619732577974,2907.23425414906,2943.236873570714,2976.199405861504,3034.7404489391365,3050.0134280452007,3097.0504101234847,3126.2575396825396
10009,4351.467192004386,4320.655922780937,4304.8267265004115,4247.9175509488105,4211.034361221089,4202.674510406494,4251.592307883325,4334.464396698857,4411.421072819451,4480.71841383312,4565.451538529811,4636.398996139836,4698.791564964627,4725.544833533349,4733.716757845748,4691.51839349679,4649.7251797560775,4617.977195848814,4636.685522170786,4658.751439766745,4752.7744296753635,4865.7108262480715,4988.72939154341,5016.6075999974655,5030.526760742436
11225,3034.004551508033,2999.4187747046612,2966.7103953868123,2968.4791441008892,2941.6961934421993,2945.0217955307103,2943.262961162564,3019.7703440827354,3055.0641576833254,3102.7329174542315,3140.376787240725,3175.0230551214986,3207.7750912695537,3187.976241947665,3177.3829933676793,3114.995754623614,3121.093827928152,3117.09951989924,3128.8861874238737,3140.0594135411943,3183.0591190300142,3269.7560139497796,3363.1852542106053,3408.8468734437506,3402.725108225108
10031,2852.1719686603683,2827.492867665964,2791.3705783747714,2788.0894827681254,2786.927114218879,2809.503038210184,2764.1736670639307,2796.118925926692,2833.5956194915525,2916.36384520454,2947.54323156881,2989.4071990649018,3055.2319514332785,3052.659820305673,3063.969310921463,2998.919377932443,2971.517984083975,2911.1110315807637,2950.2724239508016,2992.846339012988,3077.4198394794,3108.9127253687566,3137.5105669950626,3160.187275039592,3200.415610786225
10473,,,,,,,,,,,,,,,,,,,,2622.630241561401,2656.995163175979,2737.7771174958084,2764.384196270866,2829.262472391487,2884.8888888888887
11435,2228.7642522657584,2245.611510871277,2228.4628517368774,2261.184562334043,2284.2462577941533,2294.829509467429,2281.7856331242992,2265.804197864843,2293.8295509260993,2315.629990426524,2335.6625286946555,2344.104151773809,2348.167608738008,2357.649326812699,2379.5599481407016,2399.2447043526454,2362.496435337269,2315.775015198043,2256.7605206768335,2299.8961004286057,2296.4334257419673,2350.533489504982,2346.6560806422667,2391.2979797118655,2409.5765345765344
10306,,,,2281.5831828944165,2283.7535053771617,2379.3242505078706,2400.9105412829294,2488.6548365433814,2506.61827721841,2479.189364209204,2443.6786059558535,2476.907329837223,2479.2816164429996,2512.04471296156,2494.249711924736,2636.05547766065,2673.315433745682,2676.760217934292,2566.88773363183,2524.0452249906775,2549.489739776279,2629.29910847722,2588.142387123034,2527.337979918424,2513.838383838384
11354,2458.50125704412,2454.05482941504,2484.2326379823417,2455.211537058756,2444.739577731299,2430.6293443017166,2460.006672139904,2510.9101549254287,2548.5325278934156,2561.341273015045,2567.951578095418,2590.8481343737185,2640.734602611589,2655.1758162552287,2619.0318952840353,2587.99507241094,2657.580179559755,2644.9028167960873,2673.111090380229,2581.0990282702437,2637.5358211913494,2674.136911034265,2704.0626845885868,2739.75813315129,2702.875816993464
10033,2802.9833131638006,2824.5388999854094,2824.376227879437,2806.225483704787,2773.5311260900785,2764.441526430858,2790.953621002194,2852.609254080876,2891.4251601273677,2921.7071148462055,2960.953704600435,2994.4184116084443,3014.3621117706302,2993.502144375917,3009.313975528164,3020.6272550013377,3030.2880884335223,3005.55622159975,2976.7854427180987,3026.8442822882953,3074.6418134569735,3138.2625831659107,3123.5790110443027,3161.9402825985026,3204.2638888888887
10003,4490.956762383192,4487.099311334645,4449.044677500915,4415.08624657689,4408.772013219831,4439.31284414617,4482.462586013421,4544.839632184551,4595.533700040915,4659.559296192255,4731.0234396673795,4819.4072649339405,4893.164740443023,4904.310695951687,4879.68779995531,4809.004801168488,4795.4954343327145,4792.696111128465,4850.019294105897,4954.287849957611,5052.909576967195,5123.80853157893,5158.22619636505,5203.42516864783,5266.503183793507
10451,3004.974142482863,2978.128474000282,2982.4341343614306,2957.588498102695,3023.825790268012,3034.479454227402,3048.377063535396,3001.6822935207056,2982.782564532937,2952.743974794482,2917.166199619226,2849.5097331103743,2861.0515838979254,2803.8859565843586,2906.087465192672,2898.4429939347765,2894.1881899652817,2830.4449279586815,2943.380027143527,3063.2641203297344,3112.527098311378,3016.180834114744,2976.700428462539,2980.8284914417823,2956.648795648796
11205,3659.754375239894,3651.777724367248,3638.243085033746,3562.774766888074,3501.135035116128,3443.017469316242,3484.6543227872103,3548.56715913964,3672.9055022271696,3782.780205325683,3861.236419466043,3860.735599409555,3833.9846968296943,3811.127590483905,3732.715125819695,3724.1164236215895,3724.5922841698143,3788.65337579589,3807.173516081019,3838.225658612089,3907.8754016377034,3984.92315491364,4013.9136170083007,4053.2646529959256,4092.057689268216
10461,2418.053442565169,2455.3012235479946,2457.1444397594073,2474.694637915559,2466.8360255728658,2456.0020986018003,2466.6855041770023,2468.8215542621374,2532.0814153551573,2495.3282118265724,2502.753148310363,2471.143878460962,2499.18008074046,2542.791856051757,2561.0475758134125,2576.7244333755607,2561.2645325880826,2631.059105705323,2580.620041603649,2631.631180176452,2618.3700126440253,2730.5134676976054,2726.777222371995,2719.055099238089,2779.5311355311355
11224,,3118.472713949915,3068.795818604932,3042.1068294431934,,2966.466268265128,2951.956853176798,3065.8346203848587,3138.259314835842,3260.826157958046,3225.8547722683415,3232.1010802306932,3234.0508627208733,3173.238303163579,3227.254779332723,3231.5666623946063,3337.818857498183,3232.9031369339455,3200.170905198239,3235.389678860394,3224.0190545725086,3248.7759624510163,3256.042163613949,3330.7979190144383,3361.7083333333335
10016,4698.596289807278,4647.864371395375,4595.762193172642,4566.265081288586,4559.327917695869,4569.072469533048,4606.93113874543,4673.488830215609,4724.411396215154,4774.253969083631,4848.072606600603,4919.40527426351,4955.512741208761,4935.51485143749,4890.001828831455,4840.2751779363,4797.921465606722,4813.710070087209,4871.210520141567,4929.596551166782,4983.951440844944,5044.343098941958,5143.606863295306,5206.46383509944,5225.008819329731
10011,5114.649323161384,5104.196584662102,5059.985470870194,4991.781981182472,4978.797644883814,5007.567836205505,5095.492895378305,5141.921111276537,5228.616313884835,5291.1485587343395,5410.718194493933,5491.360681826013,5613.411935891351,5603.75145455755,5585.600948138559,5471.139847742566,5428.604804742027,5404.522186455989,5448.40077101454,5502.136673052651,5632.5968921407575,5711.082350647069,5807.059915142426,5822.355348101916,5898.094769532527
11413,,,,,,,,,,,,,,,,,,,,,2776.6213585398755,2823.396713456172,2935.167476941592,3050.7895951308224,3233.3333333333335
10028,3459.9467669143364,3446.267409739815,3435.279481551808,3418.215533187599,3408.904623331197,3424.2647967380135,3474.3341028927043,3538.2020084626747,3586.79680763786,3624.413657896274,3672.430702220036,3741.593318277942,3774.101601285892,3786.886278861219,3765.24394445435,3757.5885451648783,3744.311124462765,3719.940922288519,3725.4843153569295,3751.257195522833,3815.408666541264,3875.3011921872585,3926.6523079944855,3994.050415440712,4018.573021885522
10465,2474.2874576998324,2473.007971563145,2598.6780490123588,2701.0709103011104,2667.518779059484,2626.2351363444463,2528.45471196515,2613.737102725197,2651.7918383276788,2690.942785676723,2634.909985591242,2608.6834355434917,2619.6555028252133,2698.3454168208837,2820.423643268225,2797.6004110817175,2800.3531109120277,2780.7146383884915,2860.6723872367947,2886.121880760225,2833.861701702102,2886.6236558740234,2820.7923268532363,2879.6871561114926,2881.5079365079364
11374,2813.402533674898,2838.1651086683296,2792.496480698313,2777.252547086273,2783.270426446139,2841.2495767332393,2892.158971211744,2909.0187718842353,2877.5684236295187,2845.6417601983953,2863.810588389191,2886.5834558359043,2954.4318342784345,2976.756465471273,3010.0053754319474,2969.39278821173,2984.441576199482,2952.3597700118985,2963.316707384713,2945.4196554178175,2999.151732801457,3073.1766185495735,3088.0405348259615,3069.2836017689906,3055.968803418804
10019,4371.113927815721,4364.065312045254,4351.29972913282,4314.699073255109,4324.558347843333,4326.737731674673,4353.515925265666,4361.0861990624435,4410.98177949265,4471.715245009795,4539.801141346475,4608.36499481893,4659.5834517833655,4661.35663463551,4630.0317453019825,4562.748587288321,4524.392844144433,4497.987994764732,4515.695177155811,4538.97556430554,4602.150687531239,4685.592158325353,4778.441490979576,4835.9401279347,4875.349821598331
10304,2343.653163642282,2284.073993845872,2320.6509206569667,2363.6920652977165,2450.5284636039887,2470.839318354876,2470.9973904851413,2513.455757476893,2582.09362520049,2632.8350102853933,2622.8066021911745,2564.940241571598,2524.978244892732,2496.4373092561827,2493.3634601318927,2476.2529075723733,2508.1510348788515,2529.8205481673463,2559.1430902223065,2582.9211489936893,2560.3069816764055,2599.6719651887624,2561.0289326044604,2575.615352264688,2536.422222222222
11101,4120.583120953594,4141.5479538035825,4139.597940032875,4155.865387962751,4154.1025619093525,4175.035803261182,4176.834504865742,4184.372623144436,4175.893048663759,4167.235246316712,4185.41334296264,4226.009632283275,4253.930243636022,4267.36779595769,4239.2518455793415,4207.868126872831,4191.74281038048,4186.218055515867,4216.362909905381,4242.692526966899,4281.918077758095,4305.717040734049,4318.689026377172,4356.420796729192,4394.305002947244
11228,2543.6277090336503,2584.5352814213948,2636.5149198041972,2676.479812787516,2745.6825046721897,2713.607032542847,2746.633578753709,2639.9181991241317,2717.3937777466995,2755.76554214834,2851.294267840493,2927.36715940686,3044.8229046796673,3077.0139913838107,3014.2967223084806,2948.1490688554168,2864.987732163287,2822.794639004732,2761.4678598708633,2811.5388212525218,2921.586773947083,2973.3464796713706,3051.2208632526977,3009.7992859791757,3040.8333333333335
11237,3500.6916892185736,3493.59507775093,3426.4057625891487,3385.8810646859956,3346.1662561255675,3366.5207562072296,3402.516048690746,3435.619868897966,3486.7032297804935,3531.04138483346,3589.2443074291696,3617.3888126002385,3617.8385076057352,3613.5868624732934,3588.520065188405,3558.234173074047,3513.9329341800726,3506.988943603982,3537.686084454227,3605.518420927884,3662.0278320265775,3714.5286365600664,3773.187217367956,3814.001008787297,3825.887933340978
11222,4391.5542899801185,4373.70477983802,4321.4213901020685,4264.725462260018,4195.743301316131,4233.991260015559,4318.304660940436,4446.788680193371,4501.386253437125,4511.337055614978,4546.049643072685,4604.67030922485,4639.520352892689,4628.933361483749,4601.3583384252315,4555.364210477561,4548.240664841609,4495.609287468075,4472.551939328841,4493.279310504759,4588.483753113681,4705.592430948834,4750.772502465631,4801.22298483556,4829.274712643678
11217,4021.499532768524,4065.7428904531,4093.701880541999,4055.64155286038,4025.3962699525096,3978.7799874000607,4032.980731373241,4077.109613480352,4130.736475709637,4168.683610358895,4176.310537990037,4215.381242157924,4258.840507383835,4282.337988021791,4275.530329499463,4239.127510568671,4245.924716995696,4254.8039087142215,4309.493625223288,4455.411871340723,4542.252851351974,4562.325221553817,4472.259383472597,4433.16260695744,4448.428100164942
11357,2631.0865283766225,2548.5094635490987,2547.0531019010073,2478.2458727183,2499.35805457005,2471.0896890342497,,2561.850863373089,2559.1361217661324,2482.593569574415,2521.74971287287,2686.83994490937,2741.6588738437117,2832.0690731165655,2779.633090778403,2842.3846838018626,2851.431808944716,2808.235148182445,2805.7830150826217,2595.8847431664285,2684.713208635962,2724.7056116548856,2951.8457969227634,2830.6542609121675,3015.4166666666665
10305,2405.040846592638,2413.591938649014,2405.476472504571,2344.1518823678157,2445.5306832038505,2508.4414116298753,2600.321918332073,2556.8131833638345,2529.5497066470334,2538.898005492036,2589.9661819359435,2603.499688209881,2601.328905271215,2488.8380451858407,2547.5456140139345,2556.2750928499913,2676.7795218749907,2712.4230574249227,2686.3497144446155,2701.83014728998,2707.801883449416,2767.5398871684047,2733.544463296392,2694.86187707471,2663.777777777778
11365,2577.106541084572,2498.2881240690567,2411.363435041488,2366.9262302310894,2408.6870373216557,2432.696270415918,2520.436638416891,2539.101235442476,2678.693201807306,2635.6696512049084,2725.258670858501,2675.68059781628,2753.832694478911,2765.9916907323895,2713.823648416817,2593.9395361067577,2502.708870554442,2580.240731012791,2661.4671049676517,2736.799621717445,2662.006549324623,2678.301800133958,2691.095878961149,2578.0783015942775,2640.1488095238096
11367,,,,,,,,2535.578607854716,2592.3202734126166,2638.0365378653687,2589.379313811049,2530.77992253139,,2604.7013174965405,2658.4037810577447,2584.2681878076824,2589.527746692492,2535.657143154029,2554.371428673185,2521.154637042627,2562.596785051504,2581.462325089513,2532.489351046378,2582.118909656584,2643.8095238095234
10301,2552.2081501753896,2499.7894389678704,2523.809599864505,2519.188126786758,2564.493722952798,2593.301945690909,2693.780636096705,2789.1319446140637,2802.355102574465,2736.884724494634,2679.855498102214,2650.2583994121974,2677.3889194198596,2703.877277420293,2645.5936882859887,2717.7208964749784,2809.3451056565223,2951.21115462105,2900.33213192384,2796.5805690401585,2751.9730475772044,2769.575665948157,2759.1704671719317,2812.09143319494,2771.866666666667
11421,,,,,,,,,,,,,,,,,,,,2807.8776254172485,2559.601926640463,2932.743582750103,2906.6880346792395,,2879.1666666666665
10040,2514.940516701125,2541.4940755611797,2509.5474365255773,2525.470562529122,2492.306551012518,2496.03040459904,2464.711274100918,2490.7639812153498,2504.7589160538437,2537.2319012301987,2571.741731374997,2637.557508528944,2667.327346785922,2675.5171615212544,2652.2008010305026,2629.003043668414,2632.907636597097,2615.5072651689725,2585.1029003175554,2579.0384932939733,2600.483149607603,2681.257661983364,2731.4565482773255,2761.676946273302,2812.945646945647
10454,2776.5913040510327,2712.7339419779473,2657.2854414617595,2663.9448299998016,2661.9141121884327,2737.133145215156,2759.1419747196583,2786.830024122358,2770.4580086917113,2777.206937125316,2859.628875232766,2871.2598667966263,2888.467244689004,2838.122611579356,2800.4441765388456,2653.5554533693366,2696.249800384018,2740.110574479263,2832.790962714346,2815.6275721838974,2776.795153557192,2878.6277699079474,2926.474007167911,3005.822715194857,3005.7916666666665
11040,,,,,,,,,,,,,,,,,,,,,,,,,4075.0
10035,2988.4695331562716,2967.9818879587583,2914.422423176571,2970.1150583652143,2976.4217843662877,2990.8437497563336,2940.3704297116874,2973.9510415555023,3032.490334153509,3046.895778582005,3083.1822103762797,3095.1179321624586,3103.9994364320096,3087.0971804594697,3089.2217790585405,3074.0460893396075,3097.577860476555,3123.8672142902074,3126.4418653234247,3131.381926339736,3182.1705982568938,3251.808436493622,3300.160703863319,3279.798793023707,3314.908793820559
11358,2240.545528771925,2216.7841410360406,2183.2322666508385,2222.1513459817043,2267.2629344913694,2295.8044338403015,2239.303007073267,2209.5159595709674,2225.735416675475,2237.69665246536,2300.5248848158185,2317.9155807284315,2420.149306195056,2444.836029631726,2432.072845961313,2361.5627273740806,2365.3067972828426,2444.6133038194334,2471.808922749646,2460.6752793804067,2381.2400838082685,2420.636244591387,2413.650748167473,2512.5160697901406,2561.766666666667
10021,3601.1571628829074,3572.1988096224404,3530.0636670373697,3526.830918115275,3488.4585389421713,3528.393050152981,3545.7711035032717,3603.3978046656566,3652.120386331578,3685.260890458891,3772.0105178312647,3818.12108713648,3871.510032756561,3889.624036552945,3867.9617581886255,3845.7607546135378,3759.08356156908,3786.947024208094,3824.296141723296,3920.074076120268,3969.8927679993153,3993.573251380677,4053.348897004163,4107.755228247762,4172.116691406894
11106,2940.936200078165,2911.53105992863,2926.6906538858934,2900.554580116039,2894.325565826636,2868.663499252824,2902.1367702472994,2951.659845263787,2983.4610381736825,3008.2581706854053,3046.568391270034,3076.830544269555,3144.455318371809,3171.7261635446025,3169.199738933251,3172.8599443849685,3127.525515060466,3149.346459819124,3112.108262220284,3163.44290338954,3138.442417348898,3136.2896015744345,3143.335432158274,3172.7475639619324,3212.754446640316
11105,2733.0001023319996,2716.0759392321856,2691.047028713902,2680.2347138642767,2713.8900272867013,2767.18338786038,2805.1838146814675,2794.947032882046,2787.88515925678,2796.173649059749,2838.1563086227684,2893.9186827806016,2944.206838220423,2960.5613372940697,2933.4152432856354,2963.893302165915,2934.7762594571072,2941.577357982346,2925.3961707539643,2981.9621086853103,3051.932323304076,3059.675846084071,3107.944580226,3141.931657614657,3124.534412955465
11231,3863.527777000205,3828.3100562091554,3830.4650883963936,3697.1670060403058,3749.2811081653817,3753.002315772328,3955.303373244005,3991.008577526783,4032.534719478098,3976.3437537797768,4062.8065409641345,4165.677468825865,4176.040784245429,4268.855392822827,4214.386866400663,4494.146063016501,4586.668824763437,4792.382287680814,4590.708442133007,4462.373178463279,4463.969827624196,4606.142236272246,4683.040235685302,4694.5415640022775,4636.631264367817
10034,2365.480911790447,2351.025849636713,2352.634400126203,2330.893910153191,2337.9056695838935,2324.3152589008864,2320.703249446298,2310.650636779219,2352.761242931598,2369.2820101827883,2441.2091754779212,2491.5278629554905,2528.5645715163896,2544.878608580686,2512.3577596124674,2512.959123776917,2483.4007874355593,2465.121508903553,2511.1652497475984,2537.861218292429,2504.3253977249774,2485.6382658821585,2459.655713319196,2560.538338829254,2582.4358465608466
11433,,,,,,,,,,,,2802.741489061583,2716.9622668616835,2668.7411014284785,2672.5184392476385,2837.4577950860144,2885.6903198236705,3031.2344057012533,2930.300215726006,2824.4655320809247,2851.168271114214,2926.517887981952,3083.460740886438,3061.2239774848144,3015.0
10309,,,,,,1843.234342807412,1819.969751283492,1838.248555459045,1945.141840414656,2012.0239514193704,1978.194409482808,1995.4510162243455,1990.3756785003056,2059.9601237555617,2014.418485783704,2014.2014639395209,1885.448958644588,1992.2663585833368,2002.6304084500032,2175.5957851656744,2167.7098356146453,2219.218925385689,2226.0754793878314,2206.6148775245565,2093.3333333333335
11379,2364.0146790666586,2310.0029852993944,2313.479557512474,2352.088228273362,2490.249137685782,2516.620739910861,2495.393872390067,2439.351590712332,2404.1315377508818,2399.2010000643463,2382.5828420557464,,2430.8886018554467,2519.0502330116115,2554.678504927763,2603.156505123282,2587.6990064831425,2534.600084860815,2579.9108681687285,2541.795452477608,2561.7515868613173,2454.8316434328876,2525.3304091072273,2597.0710854130043,2697.031746031746
10022,4457.944442956253,4458.177866309218,4441.980733157809,4409.833675322241,4382.127417780466,4394.997241478192,4434.467679962717,4483.5890886327925,4543.675460804308,4611.5194265904065,4684.031257096223,4762.844450398906,4806.195424791249,4802.914048694481,4765.229765619185,4752.255468661125,4740.47624290977,4743.0019877575805,4784.40922233019,4862.606781170123,4952.150039442682,4994.567902976083,5031.293109964534,5080.084189344673,5091.937988021
10026,3346.365098530912,3285.677567166419,3288.211829023337,3237.5328446662297,3208.6571616266397,3179.375124574334,3229.3929673969983,3331.948967075279,3395.331865155106,3422.7754667002437,3431.6366765406883,3483.911967067283,3521.8626329812623,3542.292065460773,3499.7759235742733,3423.440585472837,3357.7924277547386,3361.6515441277033,3370.5162378502037,3410.3168543684974,3499.6780671878555,3591.8900709207815,3680.443495961335,3671.64266648388,3677.624007936507
11378,2315.919893393214,2343.5090738188605,2358.129616388899,2348.182258044532,2318.4229218772707,2314.7558846738534,2349.7895175350877,2400.913309322172,2495.683169407926,2491.806375322693,2464.7389926695323,2360.1710333267683,2419.1341115835307,2440.9537479859614,2452.486719583527,2451.098987914002,2484.407542377319,2584.0759327874134,2614.247924040346,2704.18848328791,2616.876506240246,2650.773956507307,2620.118658657541,2661.964971974419,2659.1666666666665
11103,2815.9543210036886,2843.066978598204,2860.852874516745,2840.645398773822,2794.589570267382,2781.455521566525,2808.713812966797,2822.5702226645462,2849.3703411919832,2859.810445098079,2931.4306101944353,2993.619079715772,3051.6729675906786,3093.346812673272,3112.24748494817,3128.9872624995496,3067.238744023934,3002.9425551034533,2971.89505880599,3000.8076486110353,3034.557599629728,3042.6536376305303,3128.019311082343,3188.066879860831,3230.41975308642
11369,,,,,,,,,,,,,,,,,,,,,,2961.4150256274493,2935.4492676164928,2888.5516700522317,2833.3333333333335
11364,2550.8973919215305,2587.0411738270423,2524.2154887669312,2619.7282915863825,2633.1756677434905,2665.9123679725344,2569.482505913507,2566.217562129898,2520.3430687067807,2525.3802926646867,2569.1670943049435,2691.7215973598863,2710.7486100371557,2704.2522306397277,2681.520844179807,2729.7986345821823,2824.2788606105623,2808.7599104149776,2849.6129505676913,2747.594498091278,2795.9767135218895,2819.9426070427635,2828.7136285224055,2774.5273742997906,2751.5526695526696
11418,2332.4087544460135,2358.4866507246516,2363.769175211207,2420.0244310204766,2442.6153796041513,2574.7057974556274,2560.8651111075446,2549.372409953237,2490.5139142574167,2527.2792907551793,2563.4717367480193,2596.808972163948,2630.9069859597316,2595.5473972027485,2594.753328482207,2718.6134610542026,2878.99229970604,2861.3220802293404,2776.3037012187606,2660.106197599703,2597.667835108866,2572.6199083391575,2654.078570606201,2771.2821186770507,2813.3333333333335
10010,4808.7496037655455,4784.145109615571,4765.502967496528,4720.650341740072,4715.014041474048,4718.008469654555,4797.9294739810175,4856.6991080044845,4908.675731916138,4931.006321270957,4976.9423655346245,5078.4200238727935,5121.261585607414,5143.301348176119,5092.000959114349,5087.148224633266,5048.708922448891,5026.528983393566,5048.544584593326,5100.490779856971,5175.097467959476,5228.733362232138,5322.24782121526,5377.809493349892,5398.487085410435
10030,2662.994164104653,2698.040821805037,2673.17983193252,2623.7428110241035,2562.7575557130376,2557.6529809914155,2526.4647297357083,2602.219974689057,2654.743905886972,2737.717175539046,2747.279064263839,2797.060002614319,2847.719707996369,2855.4372411255617,2864.1959296194254,2731.004483545431,2620.394269704379,2607.3150953045283,2704.8170400572176,2821.088299384035,2845.504798994084,2915.030778734439,2977.036019866128,3014.5971697627974,3027.709523809524
10014,5220.264829464745,5197.818152038557,5218.933832031715,5185.918088716781,5208.724156548671,5203.164088430115,5281.911954257966,5350.313110383368,5434.201141519145,5420.854655723072,5472.965750228072,5561.4154585433525,5700.3063780489865,5734.245660672841,5726.167851190502,5612.225874953997,5683.116059394315,5620.8780663101,5732.804454942477,5726.822270944328,5899.26432858732,5987.071734305205,6087.0613520616125,6138.190995459382,6169.276249174555
10039,3072.302480136415,3023.1725322581415,2966.3764087949403,3026.0567732875193,3023.12514819311,2995.0628532938777,2910.3991165893503,2927.3551174062823,2941.377614423489,3101.3183490322435,3085.3695946900757,3176.9070266756535,3081.3611319663323,3142.4828340441327,3120.8618288446373,3205.0053923514656,3134.8288297853305,3076.257986056739,3020.9007493211725,3097.985032915252,3213.380558488533,3284.019698695489,3274.7921138780603,3241.628209545957,3274.6555555555556
11361,2506.521108545601,2581.6066572482737,2610.34621135292,2623.551478065731,2584.6776926849766,2587.3725960130087,2593.772878647783,2618.336759485265,2607.074509677659,2593.4932953092657,2646.8429115099934,2701.1496358443933,2719.667779387803,2707.5230113644016,2674.399665882924,2624.4465855242215,2637.4597697231943,2723.038576170506,2745.3888665583004,2763.7512655067667,2654.7617288439183,2733.7714903854585,2763.8092058239113,2861.656845915177,2849.188034188034
10308,,,,,,,,,,,,,,,,,,,,,,,,1866.2311538087672,1944.1666666666663
11102,3127.6577446177007,3116.3648977365497,3110.4541416287057,3102.975359961577,3092.530493888521,3097.982848778849,3139.5234972789544,3184.5204299007896,3216.3653563913463,3245.009450463364,3265.393193561919,3287.168968813667,3287.9923321435836,3304.4425518250086,3311.2399129238574,3266.3451454040023,3253.4676902181254,3269.111724585381,3313.0098368477934,3337.4611577362025,3297.9265597512913,3302.0430844927487,3310.08862518404,3384.326282812895,3423.6255280479418
10001,5175.138629301566,5173.433679759881,5155.496912112578,5136.698260247984,5095.501617860554,5079.442733103914,5132.335025551321,5232.423527467089,5331.014778410054,5366.219698705817,5403.320736399232,5431.38223576399,5452.348470121615,5441.132070534414,5416.507237029224,5343.744238736306,5300.97255779445,5309.708519331449,5401.811099745974,5465.5693134781,5519.617050577442,5554.107053888146,5626.289462376951,5673.660188079869,5705.636263733052
11232,2926.760665545869,2937.1831978121586,3028.1548719204097,2973.505552188476,2862.4670200722007,2772.5016783838996,2803.012516687584,2878.9961451152926,2952.2375926211325,3043.5420378417152,3136.6271905560457,3168.255722260179,3129.1659273753744,3079.308657975062,3061.1020513421363,3034.939120966624,3063.4555823396227,3068.903505959858,3113.1588629630746,3057.7133418166795,3022.4167308480046,3022.6908264777867,3102.488385073603,3157.919964004562,3146.1484848484847
10065,4079.7738015720206,4099.220691101132,4050.920524332952,4065.562732584347,4044.8640079640472,4070.016581783515,4075.483243065811,4110.94115943594,4201.695056573142,4314.47300585418,4412.646993415679,4484.105672988098,4488.172711477722,4482.908048426129,4435.7764513401935,4510.922914134738,4547.965243741876,4590.6661994603555,4565.6999758920765,4575.275227602302,4627.04302716221,4654.628726502577,4737.428344654556,4780.004501804139,4832.875243664717
10036,4340.825607427701,4314.766523127584,4280.988286882491,4215.910209960654,4211.509824042314,4234.669905681839,4301.480264196777,4334.080881948636,4364.474903334217,4417.656257288797,4503.299447350944,4557.72702295917,4568.840773993808,4510.949035076935,4475.937446182943,4459.6785648638315,4416.910471915897,4401.561951686612,4429.553332557302,4507.524072058545,4561.224885385614,4621.494873393323,4699.138821108977,4742.0811458835515,4752.40845040845
11001,,,,,,,,,,,,,,,,,,,,,2824.1672200849084,,2760.963744409483,2797.034849398723,2908.3333333333335
11416,,,,,,,,,,,,,,,,,,,,,,,,2892.687590302887,2900.0
10013,5502.2371870602665,5443.68347902414,5463.911185253656,5376.785273064965,5362.978795383886,5367.566295223702,5479.210931875375,5622.4059384399825,5691.656090915278,5710.6673418970895,5764.902908908525,5882.1534727549615,6026.7701071288275,6032.717005428632,5995.59204888675,5928.749437991984,5883.07303331607,5896.443654391611,6000.966030497191,6130.798729957912,6248.1781342380455,6265.901387299024,6400.216784626948,6444.719979386579,6499.603509581688
10310,,,,,,,,,,,,,,,,,,,,,2881.8374199946047,,3050.826469232673,3117.2574299023345,3178.6666666666665
11370,,,,,,,,,,,,,,,,,2816.2859988853725,2836.612481032221,2797.6127452017545,2831.599103621453,2770.187120051549,,3044.7064102952454,3140.0294504468457,3088.555555555555
10075,3420.0404263750193,3426.0192949635816,3420.2394672843593,3431.8327658768635,3418.678939850633,3421.731737068343,3401.881804700341,3428.451352199153,3478.648989232524,3515.3514729403523,3583.4878902086307,3632.9040308923168,3717.045470036592,3735.838997877228,3725.2219693986176,3701.7202568737302,3653.7973379908,3619.651786664776,3620.5800358410406,3679.65506926502,3792.994375163796,3844.506596891289,3909.221336441719,3908.9197588584066,3963.0740510697033
11356,,,2401.036622411746,2508.603189590515,,2329.9958267992474,2383.9841942748903,2398.345407367575,2435.890183460141,2434.9380317378636,2461.2747747106814,2385.830718311094,2352.633012994472,2260.11282227149,2323.7166611088255,2404.065708089389,2550.9740680039654,2623.146530682084,2565.338242789363,2652.4937712315777,2653.5296073282334,2677.7744419487135,2725.588603282003,2691.108887339789,2674.444444444445
11104,2496.1442366180218,2512.929708248422,2513.59644568316,2505.7954817381124,2443.428902455712,2429.890166340109,2401.970364914791,2455.291250578672,2441.8565738236007,2465.8527212841186,2514.3515561933236,2669.1276146644473,2777.056538829939,2759.110085377474,2686.2745213962976,2673.227687626793,2717.462344338411,2701.0867794517135,2611.848772134556,2609.01296843475,2647.988435775724,2718.5023057169387,2739.945776078296,2799.9358869090356,2852.328703703704
10471,,,,,,,,,,,,,,,,,,,,,,,,2837.3901131750135,2824.583333333333
10038,4587.46615933535,4569.708631540468,4538.223071681338,4470.298026955747,4417.833263054045,4417.76344483109,4472.873650120641,4519.407838137352,4558.320473349298,4620.334367828426,4688.95268847028,4751.112248547075,4779.4991726220915,4777.060806454006,4719.935453078261,4678.935058445353,4656.651305551458,4664.867530220176,4652.041085916346,4700.7403747991575,4770.269224216726,4892.639970020515,4979.270776451362,5075.779876958932,5117.310536515708
10012,4508.159846840257,4497.140411299024,4437.312801100347,4390.209563146435,4401.23370264407,4425.817717208018,4504.731639198432,4526.295925096015,4582.3091991492365,4633.255367690021,4722.114186738781,4835.804364524505,4882.105684310936,4881.020796480085,4806.7555293267205,4773.416180632245,4816.360122260618,4813.360224586262,4882.572106285919,4888.799423666743,4985.837935607941,5086.625075804059,5183.305228562354,5277.720177525885,5274.06930646061
11426,,,,,,,,,,,,,,,,,,,,,,3612.5423896300663,3455.7896860044,3276.0007725187575,3208.3333333333335
11415,2166.082059322136,2179.4103211105157,2129.9732344402705,2076.886534932255,2104.8199892896805,2163.418311455189,2253.5451971573266,2286.7769032132155,2300.503412564873,2229.047034643697,2259.9601673436346,2292.761637773049,2290.3581690019123,2279.6165572829814,2240.0057172701536,2279.872939756736,2329.182510819363,2307.9224884918635,2308.2392156775268,2317.97398437131,2385.992523276755,2446.384673976818,2478.184830196484,2550.630846955997,2562.777777777778
10037,2660.580545041998,2598.6257175720766,2581.069025867671,2577.878069198373,2574.2497089134795,2587.7679239164845,2625.4833199982963,2685.755791058069,2704.0123534164427,2755.8810712177983,2788.459613109726,2804.561185062493,2769.90340755794,2735.4020209057967,2686.4326571415754,2675.3568199499728,2657.4996998912943,2678.52450795513,,2732.983840544848,2760.015618202906,2771.819892972423,2792.877613093757,2816.082949651066,2856.222222222222
11692,,,,,,,,,,,,,,,,,,,,3236.0579673638576,3339.5541544820035,3222.1528547762537,3115.9119583837196,3089.0945774911193,3159.1666666666665
10302,,,,,,,,,,,,,,,,,,,,,,,,,3027.0
11360,,,,,,,,,,,,,,2969.662472744949,3024.7442871160433,2892.5366066435395,2976.081941463403,2963.4227006310725,3080.2449135038273,3003.8270548292953,3073.207062418953,3070.2378706470217,3149.715191441986,3158.3996328562744,3122.422222222222
10017,4112.881075766639,4085.5949259551353,4047.1673942563098,4028.675967724031,4048.763831978435,4052.413001934808,4075.715396834058,4069.68771748635,4126.655833439021,4171.380655311423,4244.552852478981,4285.4018256760755,4289.1495224622695,4280.220948834185,4288.951413122013,4276.743431034999,4245.297003570918,4222.624899750049,4277.785766701336,4313.320366172902,4371.021079212981,4355.323300864107,4439.30752501303,4479.870860683775,4533.905962545404
10307,,,,,,,,,,,,,,,,,,,,,,,,,1975.0
10044,4214.826656142336,4119.390562406085,4043.018344524566,4021.2310226970512,4039.2832488750655,3991.382472628131,4014.822389665207,4033.1027950008433,4102.409379805236,4098.161806116613,4121.261639619319,4158.2718675437245,4189.9830196161465,4225.883399664851,4158.977157592603,4170.152117903814,4177.136019201256,4269.4317615253985,4229.046288831343,4172.095956236899,4192.873427062182,4264.994774388902,4247.637749432076,4301.9164281563235,4325.208020050125
10069,5597.505078915618,5581.342096595227,5538.9667440420135,5508.9179642106565,5508.167705083082,5576.770090205979,5644.7405885931585,5701.629779337628,5791.726023960314,5835.601365667574,5872.369444836052,5913.292129581089,5887.075944641055,5942.788599777118,5829.070286301749,5795.021917141069,5640.117983850247,5647.839201543407,5669.662624331156,5850.059120568161,6002.919883498272,6119.853107071817,6128.978060137386,6153.567136662442,6116.813311688312
10005,4336.222422769127,4338.316577336594,4279.380258321352,4289.533305501441,4270.092086003712,4307.4050679935635,4298.284860208789,4350.792073228367,4375.880909883749,4391.601935757075,4389.800528310243,4398.744590976223,4418.706286608727,4429.997479540382,4462.013624851916,4427.876338981971,4415.346711937524,4446.434730921902,4521.593913982269,4595.108508596364,4602.398473894672,4640.042007461007,4663.724326588891,4705.105700684205,4723.7490165224235
10018,4744.200351157951,4722.428767280003,4718.72509550663,4712.252662931916,4715.457377542421,4689.047782324037,4756.361284665894,4775.147108333892,4861.1330390469875,4861.224786081541,4945.3104976056175,4993.813208105974,5015.918992826401,4954.6879082642145,4892.38237506124,4792.4151475450535,4768.224032632921,4735.0201610690865,4808.385624790613,4899.1658872829385,4992.7154060841185,5068.51949294062,5102.0293435028725,5149.912523023045,5155.407287157287
10007,7652.476050557591,7658.606837464063,7741.985697859635,7636.98839499303,7516.834129838337,7372.268717758426,7429.492291572109,7649.354110003041,7979.118379488938,8198.119805922224,8315.796013318995,8447.480840044935,8449.21506567333,8444.572077286253,8151.495006890831,8032.647447197693,7887.832385855424,7998.330329361682,8175.6609736564915,8273.173179032867,8655.586243143553,8896.737241170411,9136.733657731604,8950.387444369768,8761.461538461539
10280,4868.016948601994,4791.0755810274495,4747.68572415877,4688.4749061215725,4657.0841852616295,4615.558055946614,4699.0857728622905,4752.515106223168,4801.916970007167,4881.74619078015,4981.028153556967,5070.421045834923,5025.103853986335,4942.041665858711,4956.602482157388,4936.20064742119,4914.961599511248,4836.124296142272,4872.732589834991,4975.568296392554,5070.785453423739,5112.575105370833,5192.371030486513,5218.369850358672,5271.145641882485
11109,4303.678442425043,4329.42945439155,4280.099484751799,4236.017878905812,4170.468287445561,4186.280751003024,4191.556425081432,4217.756484018957,4223.726200170735,4267.026750258909,4310.0442851248345,4331.282493814173,4331.275167580474,4317.034043759309,4338.721245950411,4342.58657963989,4311.429759337747,4268.831757575739,4254.78310538948,4282.761819270768,4314.781658338425,4360.903698500846,4416.207187559156,4443.056922238921,4466.261904761905
10282,6667.866403514152,6770.758609261848,6817.582415376983,6694.924392161503,6679.504520582447,6679.149329964151,6720.84557786407,6765.702557031527,6830.178935498419,6886.846521254842,6875.839215155122,6832.674867085924,6916.057197051553,7063.035390468885,7201.345063248582,7191.443369088743,6984.58774031531,7201.002499905036,7253.759816654423,7604.565039603652,7392.159976147163,7513.079938011173,7528.720571334847,7603.804284711132,7512.833333333333
10006,4554.840401613046,4528.206941947477,4479.753506200328,4414.513932901058,4354.432180981299,4350.174593698358,4464.668853781478,4512.50182862558,4538.089150152639,4556.6426069245,4610.610607100718,4667.45650874837,4636.302623320759,4639.469329956349,4634.912656261236,4686.192382968698,4675.494942055422,4737.022415261967,4685.139165144528,4759.115576120768,4755.0036302626195,4830.2517394248,4872.151887535726,4920.961739759319,4994.894771241829
10162,,,,,,,,,,,,,,,,,,,,,,,,7481.478288292762,7561.666666666666
10004,4510.616600304572,4434.003176590001,4374.39010120249,4340.576343135757,4297.374452574417,4310.963248038824,4372.581801516073,4428.228290780742,4486.764337288678,4504.18539790966,4587.07646644927,4616.15985251433,4673.235380546963,4711.163150444819,4705.546887008306,4663.7584566060195,4588.8843461091865,4631.255155555716,4668.727549067779,4774.906688325985,4823.102775207736,4895.004301528683,4924.291348000788,4942.065309148847,5000.11111111111
