modzcta,nta,share_of_nta_residents
10001,MN0401,0.4147
10001,MN0501,0.4005
10001,MN0502,0.0298
10002,MN0201,0.0
10002,MN0202,0.0
10002,MN0301,0.6754
10002,MN0302,0.9999
10002,MN0303,0.0157
10003,MN0202,0.4326
10003,MN0302,0.0
10003,MN0303,0.3169
10003,MN0501,0.1053
10003,MN0601,0.0001
10003,MN0602,0.5272
10004,MN0101,0.1866
10005,MN0101,0.118
10006,MN0101,0.1538
10006,MN0102,0.0
10007,MN0101,0.0248
10007,MN0102,0.3443
10007,MN0301,0.0041
10009,MN0302,0.0
10009,MN0303,0.6673
10009,MN0601,0.767
10009,MN0602,0.0
10010,MN0401,0.0
10010,MN0501,0.2381
10010,MN0601,0.233
10010,MN0602,0.4031
10010,MN0603,0.1687
10011,MN0202,0.2031
10011,MN0203,0.1122
10011,MN0401,0.4243
10011,MN0501,0.1122
10012,MN0201,0.403
10012,MN0202,0.3642
10012,MN0203,0.0
10012,MN0302,0.0
10012,MN0303,0.0
10013,MN0101,0.0016
10013,MN0102,0.6113
10013,MN0201,0.4595
10013,MN0301,0.0955
10013,MN0302,0.0
10014,MN0102,0.0
10014,MN0201,0.1375
10014,MN0202,0.0001
10014,MN0203,0.8877
10014,MN0401,0.0125
10016,MN0501,0.1439
10016,MN0502,0.0535
10016,MN0602,0.0697
10016,MN0603,0.6928
10017,MN0502,0.0892
10017,MN0603,0.1385
10017,MN0604,0.3577
10018,MN0401,0.1241
10018,MN0402,0.0739
10018,MN0501,0.0
10018,MN0502,0.1575
10019,MN0402,0.5692
10019,MN0502,0.3283
10019,MN0701,0.087
10019,MN0802,0.0
10021,MN0604,0.0006
10021,MN0801,0.3032
10021,MN0802,0.2045
10022,MN0502,0.11
10022,MN0604,0.6417
10022,MN0801,0.0302
10022,MN0802,0.0265
10023,MN0701,0.7506
10023,MN0702,0.0772
10024,MN0701,0.0
10024,MN0702,0.7009
10024,MN0703,0.1735
10024,MN0901,0.2297
10024,MN0902,0.0
10025,MN0702,0.2219
10025,MN0703,0.8181
10025,MN0901,0.2833
10025,MN1001,0.0002
10026,MN0703,0.0084
10026,MN0901,0.0106
10026,MN1001,0.6242
10026,MN1101,0.0
10026,MN1102,0.0
10027,MN0901,0.4763
10027,MN0902,0.6205
10027,MN0903,0.0
10027,MN1001,0.3755
10027,MN1002,0.1959
10027,MN1102,0.0006
10028,MN0801,0.0
10028,MN0802,0.1774
10028,MN0803,0.3861
10029,MN0802,0.0
10029,MN0803,0.0
10029,MN1001,0.0
10029,MN1101,0.9659
10029,MN1102,0.2501
10030,MN0902,0.0
10030,MN0903,0.0289
10030,MN1002,0.3035
10031,MN0902,0.3795
10031,MN0903,0.8757
10031,MN1002,0.0
10031,MN1201,0.0012
10032,MN0903,0.0953
10032,MN1002,0.0
10032,MN1201,0.7912
10032,MN1202,0.0015
10033,MN1201,0.2074
10033,MN1202,0.34
10033,MN1203,0.0036
10034,MN1202,0.2415
10034,MN1203,0.9772
10035,MN1001,0.0
10035,MN1002,0.0
10035,MN1102,0.6194
10036,MN0401,0.0243
10036,MN0402,0.3568
10036,MN0502,0.2317
10037,MN1002,0.1594
10037,MN1102,0.1296
10038,MN0101,0.256
10038,MN0102,0.0445
10038,MN0301,0.225
10039,MN0903,0.0001
10039,MN1002,0.3411
10039,MN1102,0.0003
10039,MN1201,0.0002
10040,MN1202,0.417
10040,MN1203,0.0192
10044,MN0801,0.2932
10065,MN0801,0.2767
10065,MN0802,0.2316
10069,MN0402,0.0
10069,MN0701,0.1514
10069,MN0702,0.0
10075,MN0801,0.0967
10075,MN0802,0.1047
10075,MN0803,0.092
10128,MN0802,0.2552
10128,MN0803,0.5219
10128,MN1101,0.0341
10280,MN0101,0.1573
10282,MN0101,0.1018
10282,MN0102,0.0
10301,SI0101,1.0
10301,SI0102,0.1315
10301,SI0104,0.4776
10301,SI0105,0.1955
10301,SI0203,0.0503
10302,SI0105,0.1277
10302,SI0106,0.6343
10302,SI0107,0.0014
10303,SI0106,0.0341
10303,SI0107,0.8963
10303,SI0204,0.0233
10304,SI0101,0.0
10304,SI0102,0.8685
10304,SI0103,0.2947
10304,SI0104,0.1486
10304,SI0105,0.0
10304,SI0201,0.1992
10304,SI0202,0.0
10304,SI0203,0.2385
10305,SI0102,0.0
10305,SI0103,0.7053
10305,SI0201,0.7763
10305,SI0202,0.2074
10306,SI0201,0.0245
10306,SI0202,0.7926
10306,SI0203,0.4167
10306,SI0204,0.0006
10306,SI0301,0.9999
10306,SI0302,0.1339
10307,SI0304,0.0337
10307,SI0305,0.35
10308,SI0203,0.0
10308,SI0302,0.4699
10309,SI0303,0.2479
10309,SI0304,0.4819
10309,SI0305,0.6497
10310,SI0104,0.3738
10310,SI0105,0.0642
10310,SI0106,0.3315
10312,SI0203,0.0154
10312,SI0302,0.3962
10312,SI0303,0.7521
10312,SI0304,0.4843
10312,SI0305,0.0
10314,SI0105,0.6126
10314,SI0107,0.1023
10314,SI0203,0.2792
10314,SI0204,0.9755
10314,SI0305,0.0
10451,BX0101,0.1327
10451,BX0102,0.3316
10451,BX0301,0.1232
10451,BX0401,0.5646
10451,BX0402,0.0
10452,BX0401,0.1498
10452,BX0402,0.998
10452,BX0403,0.5802
10452,BX0501,0.0456
10452,BX0502,0.0011
10453,BX0402,0.0019
10453,BX0501,0.9544
10453,BX0502,0.3702
10453,BX0503,0.2075
10453,BX0701,0.0426
10454,BX0101,0.711
10454,BX0201,0.0
10455,BX0101,0.1563
10455,BX0102,0.5222
10455,BX0201,0.0097
10455,BX0202,0.2662
10456,BX0102,0.1393
10456,BX0202,0.0136
10456,BX0301,0.7717
10456,BX0302,0.4919
10456,BX0303,0.0
10456,BX0401,0.2856
10456,BX0403,0.1914
10457,BX0302,0.4949
10457,BX0403,0.2284
10457,BX0502,0.6287
10457,BX0503,0.0896
10457,BX0602,0.7102
10457,BX0603,0.0991
10458,BX0503,0.4072
10458,BX0602,0.0
10458,BX0603,0.8513
10458,BX0701,0.0894
10458,BX0702,0.3414
10458,BX0703,0.0432
10459,BX0102,0.0069
10459,BX0201,0.0265
10459,BX0202,0.7196
10459,BX0301,0.1051
10459,BX0303,0.5592
10459,BX0601,0.0
10459,BX0901,0.0
10460,BX0301,0.0
10460,BX0303,0.4406
10460,BX0601,0.9315
10460,BX0602,0.2356
10460,BX0603,0.048
10460,BX0901,0.1413
10460,BX0904,0.0
10460,BX1101,0.1733
10461,BX0904,0.0
10461,BX1001,0.5979
10461,BX1002,0.1755
10461,BX1003,0.2781
10461,BX1004,0.0005
10461,BX1101,0.0
10461,BX1102,0.7833
10461,BX1103,0.0
10461,BX1104,0.0
10462,BX0601,0.0662
10462,BX0901,0.0139
10462,BX0903,0.1027
10462,BX0904,0.9999
10462,BX1001,0.4021
10462,BX1101,0.8267
10462,BX1102,0.2167
10462,BX1104,0.0
10463,BX0701,0.0822
10463,BX0702,0.2455
10463,BX0703,0.0
10463,BX0801,0.7088
10463,BX0802,0.9247
10463,BX0803,0.27
10464,BX1003,0.3395
10464,BX1004,0.0
10464,BX1202,0.0436
10465,BX0903,0.1456
10465,BX1002,0.8243
10465,BX1003,0.3823
10466,BX1201,0.2315
10466,BX1202,0.4248
10466,BX1203,0.6033
10467,BX0702,0.0001
10467,BX0703,0.9567
10467,BX0801,0.0004
10467,BX1101,0.0
10467,BX1102,0.0
10467,BX1104,0.693
10467,BX1201,0.5413
10467,BX1203,0.0
10468,BX0501,0.0
10468,BX0503,0.2957
10468,BX0701,0.7858
10468,BX0702,0.413
10468,BX0703,0.0
10468,BX0801,0.2908
10468,BX0802,0.0
10469,BX1004,0.0
10469,BX1102,0.0001
10469,BX1103,1.0
10469,BX1104,0.3067
10469,BX1201,0.2271
10469,BX1202,0.3791
10470,BX0703,0.0
10470,BX1201,0.0
10470,BX1203,0.3966
10471,BX0801,0.0
10471,BX0802,0.0753
10471,BX0803,0.73
10472,BX0303,0.0001
10472,BX0601,0.0
10472,BX0901,0.6987
10472,BX0902,0.0
10472,BX0903,0.2109
10472,BX0904,0.0
10473,BX0201,0.0
10473,BX0901,0.1407
10473,BX0902,1.0
10473,BX0903,0.5407
10473,BX1001,0.0
10474,BX0201,0.9552
10474,BX0202,0.0006
10474,BX0303,0.0
10474,BX0901,0.0
10475,BX1003,0.0
10475,BX1004,0.9995
10475,BX1103,0.0
10475,BX1202,0.1524
11004,QN1103,0.0016
11004,QN1301,0.7967
11004,QN1302,0.0024
11101,QN0103,0.0163
11101,QN0104,0.0832
11101,QN0105,0.5336
11101,QN0201,0.9505
11101,QN0202,0.3492
11101,QN0203,0.0
11102,QN0101,0.052
11102,QN0102,0.8432
11102,QN0103,0.3292
11102,QN0105,0.0
11103,QN0101,0.0105
11103,QN0103,0.2197
11103,QN0104,0.56
11104,QN0202,0.2099
11104,QN0203,0.0001
11105,QN0101,0.8024
11105,QN0104,0.0
11106,QN0102,0.1568
11106,QN0103,0.4348
11106,QN0105,0.4664
11109,QN0201,0.0495
11201,BK0201,1.0
11201,BK0202,0.8395
11201,BK0203,0.19
11201,BK0601,0.097
11201,MN0101,0.0
11201,MN0302,0.0
11203,BK0901,0.0
11203,BK0902,0.4018
11203,BK1701,0.2199
11203,BK1702,0.6128
11203,BK1703,0.9528
11203,BK1704,0.0002
11203,BK1801,0.0162
11204,BK1101,0.4895
11204,BK1103,0.0
11204,BK1202,0.2214
11204,BK1204,0.3684
11204,BK1402,0.0
11205,BK0103,0.0
11205,BK0202,0.0001
11205,BK0203,0.4609
11205,BK0204,0.4903
11205,BK0301,0.2157
11206,BK0102,0.0114
11206,BK0103,0.3507
11206,BK0104,0.313
11206,BK0301,0.1934
11206,BK0302,0.1335
11206,BK0401,0.2289
11207,BK0402,0.3509
11207,BK0501,0.3574
11207,BK0502,0.7074
11207,BK0503,0.5862
11207,BK0504,0.0517
11207,BK1601,0.0364
11207,BK1602,0.0001
11207,BK1803,0.0163
11207,QN0502,0.0
11208,BK0501,0.6426
11208,BK0502,0.2926
11208,BK0503,0.2486
11208,BK0504,0.5177
11208,BK0505,0.9999
11208,QN0904,0.0
11208,QN0905,0.0
11208,QN1002,0.0
11208,QN1003,0.0001
11209,BK1001,0.81
11209,BK1002,0.0006
11209,BK1102,0.0
11210,BK1401,0.4172
11210,BK1402,0.0
11210,BK1403,0.4171
11210,BK1502,0.0027
11210,BK1701,0.0073
11210,BK1702,0.3383
11210,BK1801,0.2556
11210,BK1802,0.0
11211,BK0101,0.0056
11211,BK0102,0.9518
11211,BK0103,0.6493
11211,BK0104,0.3809
11211,BK0203,0.0
11211,BK0204,0.0
11211,BK0301,0.0
11211,MN0303,0.0
11211,MN0601,0.0
11212,BK0502,0.0
11212,BK0503,0.0001
11212,BK0802,0.0
11212,BK0901,0.0
11212,BK0902,0.0
11212,BK1601,0.0177
11212,BK1602,0.9871
11212,BK1703,0.0302
11212,BK1704,0.616
11213,BK0301,0.0
11213,BK0302,0.0518
11213,BK0802,0.4867
11213,BK0901,0.4901
11213,BK0902,0.0
11213,BK1602,0.0
11213,BK1703,0.0
11213,BK1704,0.0
11214,BK1101,0.3234
11214,BK1102,0.7112
11214,BK1103,0.482
11214,BK1301,0.3023
11214,BK1302,0.0347
11215,BK0601,0.1763
11215,BK0602,0.7198
11215,BK0701,0.4805
11215,BK0702,0.0754
11215,BK0703,0.0
11215,BK1201,0.0
11215,BK1202,0.0
11215,BK1203,0.0
11216,BK0301,0.4172
11216,BK0302,0.0404
11216,BK0802,0.2551
11216,BK0901,0.0
11217,BK0202,0.1604
11217,BK0203,0.2298
11217,BK0601,0.0791
11217,BK0602,0.2494
11217,BK0801,0.1905
11218,BK0701,0.5195
11218,BK1201,0.0
11218,BK1202,0.1742
11218,BK1203,1.0
11218,BK1401,0.0
11218,BK1402,0.2393
11219,BK0703,0.0088
11219,BK1002,0.2503
11219,BK1101,0.0611
11219,BK1201,0.5812
11219,BK1202,0.5945
11220,BK0702,0.3746
11220,BK0703,0.7471
11220,BK1001,0.1673
11220,BK1002,0.0934
11220,BK1201,0.3055
11220,BK1202,0.0
11221,BK0301,0.0791
11221,BK0302,0.4241
11221,BK0401,0.2468
11221,BK0402,0.4455
11221,BK1601,0.0
11222,BK0101,0.9944
11222,BK0102,0.0368
11222,BK0104,0.1235
11222,MN0603,0.0
11223,BK1101,0.0
11223,BK1103,0.518
11223,BK1204,0.0
11223,BK1301,0.5378
11223,BK1302,0.0
11223,BK1403,0.0
11223,BK1501,0.7565
11224,BK1301,0.0
11224,BK1302,0.9373
11224,BK1303,0.0001
11225,BK0801,0.0004
11225,BK0802,0.0002
11225,BK0901,0.5098
11225,BK0902,0.5607
11225,BK1401,0.0
11226,BK0902,0.0375
11226,BK1401,0.5559
11226,BK1402,0.2618
11226,BK1701,0.7727
11226,BK1702,0.0182
11228,BK1001,0.0227
11228,BK1002,0.6557
11228,BK1101,0.126
11228,BK1102,0.2888
11229,BK1403,0.0083
11229,BK1501,0.1797
11229,BK1502,0.9973
11229,BK1503,0.3385
11229,BK1801,0.0
11229,BK1802,0.0233
11230,BK1103,0.0
11230,BK1202,0.0098
11230,BK1203,0.0
11230,BK1204,0.6316
11230,BK1401,0.0269
11230,BK1402,0.4988
11230,BK1403,0.5746
11230,BK1501,0.0145
11230,BK1502,0.0
11231,BK0601,0.6475
11231,BK0702,0.0
11232,BK0601,0.0
11232,BK0702,0.5488
11232,BK0703,0.179
11232,BK1201,0.1132
11233,BK0302,0.3502
11233,BK0402,0.0
11233,BK0501,0.0
11233,BK0502,0.0
11233,BK0802,0.1158
11233,BK1601,0.9459
11233,BK1602,0.0
11234,BK1502,0.0
11234,BK1503,0.0003
11234,BK1702,0.0308
11234,BK1703,0.0
11234,BK1801,0.7208
11234,BK1802,0.9766
11234,BK1803,0.0
11235,BK1301,0.1598
11235,BK1302,0.028
11235,BK1303,0.9999
11235,BK1501,0.0493
11235,BK1503,0.6611
11236,BK0503,0.165
11236,BK0504,0.0
11236,BK1602,0.0128
11236,BK1703,0.017
11236,BK1704,0.3837
11236,BK1801,0.0075
11236,BK1802,0.0
11236,BK1803,0.9837
11237,BK0104,0.1826
11237,BK0401,0.5242
11237,BK0402,0.2036
11237,QN0501,0.0
11237,QN0502,0.0
11238,BK0203,0.1193
11238,BK0204,0.5097
11238,BK0301,0.0946
11238,BK0602,0.0308
11238,BK0801,0.8091
11238,BK0802,0.1422
11238,BK0901,0.0
11238,BK0902,0.0
11239,BK0503,0.0
11239,BK0504,0.428
11239,BK1803,0.0
11354,QN0701,0.2206
11354,QN0704,0.4969
11354,QN0707,0.4782
11355,QN0704,0.0466
11355,QN0705,0.5024
11355,QN0706,0.6181
11355,QN0707,0.3551
11355,QN0802,0.0008
11356,QN0701,0.6575
11356,QN0704,0.0034
11356,QN0707,0.0006
11357,QN0701,0.1218
11357,QN0702,0.9995
11357,QN0703,0.3113
11357,QN0704,0.0965
11357,QN1101,0.0
11358,QN0703,0.01
11358,QN0704,0.3565
11358,QN0705,0.4413
11358,QN1101,0.3576
11360,QN0702,0.0005
11360,QN0703,0.6787
11360,QN1101,0.0565
11360,QN1102,0.1273
11361,QN1101,0.2062
11361,QN1102,0.5438
11362,QN1102,0.0
11362,QN1103,0.6559
11362,QN1104,0.001
11362,QN1302,0.0014
11363,QN1103,0.3401
11364,QN0803,0.0
11364,QN1101,0.0795
11364,QN1102,0.3289
11364,QN1104,0.7484
11364,QN1302,0.0015
11364,QN1303,0.0
11365,QN0705,0.0563
11365,QN0706,0.1879
11365,QN0802,0.3321
11365,QN0803,0.7072
11365,QN1101,0.3002
11366,QN0801,0.0031
11366,QN0802,0.2838
11366,QN0803,0.2928
11366,QN0804,0.0153
11366,QN1303,0.0
11367,QN0706,0.1938
11367,QN0801,0.9321
11367,QN0802,0.1009
11368,QN0301,0.0
11368,QN0302,0.0079
11368,QN0303,0.9788
11368,QN0401,0.0048
11368,QN0402,0.988
11368,QN0601,0.0
11368,QN0602,0.001
11368,QN0701,0.0
11368,QN0706,0.0002
11368,QN0707,0.1661
11369,QN0101,0.0
11369,QN0301,0.0992
11369,QN0302,0.9196
11369,QN0303,0.0007
11370,QN0101,0.1228
11370,QN0104,0.0
11370,QN0301,0.343
11370,QN0302,0.0725
11372,QN0203,0.0038
11372,QN0301,0.5045
11372,QN0302,0.0
11372,QN0303,0.0205
11372,QN0401,0.0088
11373,QN0203,0.0156
11373,QN0301,0.0
11373,QN0303,0.0
11373,QN0401,0.9572
11373,QN0402,0.0067
11373,QN0501,0.0
11373,QN0504,0.0109
11373,QN0601,0.0594
11374,QN0401,0.0
11374,QN0402,0.0
11374,QN0503,0.0139
11374,QN0504,0.0191
11374,QN0601,0.9405
11374,QN0602,0.1043
11375,QN0402,0.0053
11375,QN0503,0.0
11375,QN0601,0.0
11375,QN0602,0.8942
11375,QN0901,0.0
11377,QN0101,0.0
11377,QN0104,0.3567
11377,QN0202,0.1736
11377,QN0203,0.9805
11377,QN0301,0.0532
11377,QN0401,0.0293
11377,QN0501,0.0163
11378,BK0104,0.0
11378,QN0202,0.2673
11378,QN0203,0.0
11378,QN0401,0.0
11378,QN0501,0.9226
11378,QN0502,0.0
11378,QN0504,0.0
11379,QN0501,0.0524
11379,QN0502,0.0679
11379,QN0503,0.0001
11379,QN0504,0.9508
11379,QN0601,0.0001
11385,BK0104,0.0
11385,BK0401,0.0
11385,BK0402,0.0001
11385,BK0501,0.0
11385,QN0501,0.0087
11385,QN0502,0.932
11385,QN0503,0.986
11385,QN0504,0.0191
11385,QN0601,0.0
11385,QN0602,0.0
11411,QN1205,0.0118
11411,QN1303,0.0127
11411,QN1304,0.9602
11411,QN1305,0.0
11411,QN1307,0.0
11412,QN1201,0.008
11412,QN1205,0.5411
11412,QN1206,0.2177
11412,QN1303,0.0
11412,QN1304,0.0
11413,QN1204,0.1366
11413,QN1205,0.1131
11413,QN1304,0.0
11413,QN1305,0.8416
11413,QN1306,0.6176
11413,QN1307,0.0
11414,BK0504,0.0
11414,BK0505,0.0001
11414,QN1001,0.0
11414,QN1002,0.0034
11414,QN1003,0.9998
11415,QN0602,0.0004
11415,QN0805,0.0056
11415,QN0901,0.8092
11415,QN0902,0.01
11416,BK0505,0.0
11416,QN0902,0.0022
11416,QN0903,0.04
11416,QN0904,0.947
11416,QN0905,0.0022
11416,QN1001,0.0
11416,QN1002,0.0264
11417,BK0505,0.0
11417,QN0903,0.0
11417,QN0904,0.0529
11417,QN1001,0.0693
11417,QN1002,0.9701
11417,QN1003,0.0001
11418,QN0503,0.0
11418,QN0602,0.0
11418,QN0805,0.0015
11418,QN0901,0.1905
11418,QN0902,0.9589
11418,QN0903,0.0
11418,QN0905,0.0003
11418,QN1201,0.0011
11419,QN0902,0.007
11419,QN0903,0.96
11419,QN0904,0.0
11419,QN1001,0.1951
11419,QN1201,0.0012
11419,QN1202,0.0015
11420,QN1001,0.7106
11420,QN1002,0.0
11420,QN1003,0.0
11420,QN1202,0.0012
11420,QN1203,0.0034
11420,QN1306,0.0
11421,BK0501,0.0
11421,QN0503,0.0
11421,QN0902,0.022
11421,QN0904,0.0001
11421,QN0905,0.9975
11422,QN1304,0.0
11422,QN1305,0.1584
11422,QN1306,0.0466
11422,QN1307,1.0
11423,QN0803,0.0
11423,QN0804,0.3499
11423,QN1201,0.1117
11423,QN1205,0.0289
11423,QN1206,0.7468
11423,QN1303,0.0
11426,QN1103,0.0023
11426,QN1301,0.0467
11426,QN1302,0.6376
11426,QN1303,0.0015
11427,QN0804,0.0785
11427,QN1103,0.0
11427,QN1104,0.2507
11427,QN1206,0.014
11427,QN1302,0.3415
11427,QN1303,0.167
11428,QN1206,0.0082
11428,QN1302,0.0053
11428,QN1303,0.3254
11429,QN1205,0.0
11429,QN1206,0.0132
11429,QN1301,0.1566
11429,QN1302,0.0103
11429,QN1303,0.4934
11429,QN1304,0.0397
11432,QN0801,0.0102
11432,QN0802,0.2824
11432,QN0803,0.0
11432,QN0804,0.5564
11432,QN0805,0.4492
11432,QN1201,0.3151
11432,QN1206,0.0
11433,QN1201,0.2593
11433,QN1202,0.7163
11433,QN1203,0.0
11433,QN1205,0.0666
11434,QN1001,0.025
11434,QN1003,0.0
11434,QN1202,0.0247
11434,QN1203,0.5134
11434,QN1204,0.8634
11434,QN1205,0.2385
11434,QN1305,0.0
11434,QN1306,0.3357
11435,QN0801,0.0546
11435,QN0802,0.0
11435,QN0805,0.5437
11435,QN0901,0.0003
11435,QN1201,0.3036
11435,QN1202,0.2563
11435,QN1203,0.026
11436,QN1202,0.0
11436,QN1203,0.4571
11436,QN1204,0.0
11436,QN1306,0.0
11691,QN1401,1.0
11691,QN1402,0.1464
11692,QN1401,0.0
11692,QN1402,0.5489
11693,QN1402,0.2504
11693,QN1403,0.212
11694,QN1402,0.0543
11694,QN1403,0.491
11697,QN1403,0.2926
99999,BK0504,0.0025
99999,BK0601,0.0
99999,BK0602,0.0001
99999,BK0701,0.0001
99999,BK0702,0.0012
99999,BK0703,0.0651
99999,BK1401,0.0
99999,BX0101,0.0
99999,BX0201,0.0086
99999,BX0301,0.0
99999,BX0302,0.0133
99999,BX0303,0.0001
99999,BX0403,0.0001
99999,BX0601,0.0023
99999,BX0602,0.0542
99999,BX0603,0.0015
99999,BX0703,0.0
99999,BX0901,0.0054
99999,BX1002,0.0002
99999,BX1004,0.0
99999,BX1101,0.0
99999,BX1104,0.0003
99999,BX1201,0.0
99999,MN0502,0.0
99999,MN0701,0.011
99999,MN0702,0.0
99999,MN0703,0.0
99999,MN0802,0.0001
99999,MN1001,0.0001
99999,MN1101,0.0
99999,QN0101,0.0123
99999,QN1403,0.0044
99999,SI0204,0.0007
99999,SI0301,0.0001
99999,SI0302,0.0001
99999,SI0305,0.0003
