month,borough,se_index,zori_county,zori_zip_median
2007-01,Manhattan,2532.0,,
2007-02,Manhattan,2474.0,,
2007-03,Manhattan,2482.0,,
2007-04,Manhattan,2512.0,,
2007-05,Manhattan,2538.0,,
2007-06,Manhattan,2561.0,,
2007-07,Manhattan,2600.0,,
2007-08,Manhattan,2634.0,,
2007-09,Manhattan,2651.0,,
2007-10,Manhattan,2661.0,,
2007-11,Manhattan,2683.0,,
2007-12,Manhattan,2692.0,,
2008-01,Manhattan,2695.0,,
2008-02,Manhattan,2693.0,,
2008-03,Manhattan,2699.0,,
2008-04,Manhattan,2698.0,,
2008-05,Manhattan,2699.0,,
2008-06,Manhattan,2698.0,,
2008-07,Manhattan,2698.0,,
2008-08,Manhattan,2699.0,,
2008-09,Manhattan,2687.0,,
2008-10,Manhattan,2659.0,,
2008-11,Manhattan,2629.0,,
2008-12,Manhattan,2593.0,,
2009-01,Manhattan,2557.0,,
2009-02,Manhattan,2522.0,,
2009-03,Manhattan,2494.0,,
2009-04,Manhattan,2470.0,,
2009-05,Manhattan,2453.0,,
2009-06,Manhattan,2443.0,,
2009-07,Manhattan,2443.0,,
2009-08,Manhattan,2438.0,,
2009-09,Manhattan,2438.0,,
2009-10,Manhattan,2431.0,,
2009-11,Manhattan,2419.0,,
2009-12,Manhattan,2411.0,,
2010-01,Manhattan,2416.0,,
2010-02,Manhattan,2420.0,,
2010-03,Manhattan,2424.0,,
2010-04,Manhattan,2432.0,,
2010-05,Manhattan,2444.0,,
2010-06,Manhattan,2460.0,,
2010-07,Manhattan,2476.0,,
2010-08,Manhattan,2490.0,,
2010-09,Manhattan,2506.0,,
2010-10,Manhattan,2517.0,,
2010-11,Manhattan,2523.0,,
2010-12,Manhattan,2530.0,,
2011-01,Manhattan,2543.0,,
2011-02,Manhattan,2554.0,,
2011-03,Manhattan,2569.0,,
2011-04,Manhattan,2585.0,,
2011-05,Manhattan,2599.0,,
2011-06,Manhattan,2617.0,,
2011-07,Manhattan,2636.0,,
2011-08,Manhattan,2652.0,,
2011-09,Manhattan,2666.0,,
2011-10,Manhattan,2680.0,,
2011-11,Manhattan,2685.0,,
2011-12,Manhattan,2689.0,,
2012-01,Manhattan,2697.0,,
2012-02,Manhattan,2705.0,,
2012-03,Manhattan,2718.0,,
2012-04,Manhattan,2731.0,,
2012-05,Manhattan,2748.0,,
2012-06,Manhattan,2761.0,,
2012-07,Manhattan,2777.0,,
2012-08,Manhattan,2790.0,,
2012-09,Manhattan,2800.0,,
2012-10,Manhattan,2806.0,,
2012-11,Manhattan,2811.0,,
2012-12,Manhattan,2812.0,,
2013-01,Manhattan,2814.0,,
2013-02,Manhattan,2824.0,,
2013-03,Manhattan,2832.0,,
2013-04,Manhattan,2840.0,,
2013-05,Manhattan,2856.0,,
2013-06,Manhattan,2868.0,,
2013-07,Manhattan,2880.0,,
2013-08,Manhattan,2891.0,,
2013-09,Manhattan,2900.0,,
2013-10,Manhattan,2904.0,,
2013-11,Manhattan,2904.0,,
2013-12,Manhattan,2898.0,,
2014-01,Manhattan,2900.0,,
2014-02,Manhattan,2904.0,,
2014-03,Manhattan,2911.0,,
2014-04,Manhattan,2927.0,,
2014-05,Manhattan,2946.0,,
2014-06,Manhattan,2959.0,,
2014-07,Manhattan,2972.0,,
2014-08,Manhattan,2986.0,,
2014-09,Manhattan,2993.0,,
2014-10,Manhattan,2997.0,,
2014-11,Manhattan,2996.0,,
2014-12,Manhattan,2997.0,,
2015-01,Manhattan,3002.0,3142.0,3154.0
2015-02,Manhattan,3013.0,3153.0,3152.0
2015-03,Manhattan,3025.0,3174.0,3172.0
2015-04,Manhattan,3041.0,3211.0,3199.0
2015-05,Manhattan,3060.0,3237.0,3220.0
2015-06,Manhattan,3078.0,3258.0,3248.0
2015-07,Manhattan,3093.0,3268.0,3254.0
2015-08,Manhattan,3105.0,3279.0,3251.0
2015-09,Manhattan,3111.0,3279.0,3234.0
2015-10,Manhattan,3112.0,3269.0,3223.0
2015-11,Manhattan,3106.0,3250.0,3218.0
2015-12,Manhattan,3101.0,3233.0,3185.0
2016-01,Manhattan,3100.0,3223.0,3211.0
2016-02,Manhattan,3101.0,3226.0,3220.0
2016-03,Manhattan,3107.0,3237.0,3248.0
2016-04,Manhattan,3118.0,3256.0,3265.0
2016-05,Manhattan,3132.0,3277.0,3277.0
2016-06,Manhattan,3144.0,3297.0,3298.0
2016-07,Manhattan,3154.0,3314.0,3322.0
2016-08,Manhattan,3159.0,3319.0,3321.0
2016-09,Manhattan,3158.0,3314.0,3308.0
2016-10,Manhattan,3149.0,3294.0,3279.0
2016-11,Manhattan,3136.0,3261.0,3247.0
2016-12,Manhattan,3126.0,3230.0,3195.0
2017-01,Manhattan,3118.0,3221.0,3208.0
2017-02,Manhattan,3113.0,3231.0,3222.0
2017-03,Manhattan,3114.0,3252.0,3237.0
2017-04,Manhattan,3123.0,3274.0,3251.0
2017-05,Manhattan,3135.0,3304.0,3290.0
2017-06,Manhattan,3147.0,3332.0,3325.0
2017-07,Manhattan,3156.0,3345.0,3349.0
2017-08,Manhattan,3163.0,3346.0,3339.0
2017-09,Manhattan,3162.0,3331.0,3333.0
2017-10,Manhattan,3153.0,3302.0,3301.0
2017-11,Manhattan,3137.0,3265.0,3272.0
2017-12,Manhattan,3127.0,3241.0,3229.0
2018-01,Manhattan,3120.0,3236.0,3226.0
2018-02,Manhattan,3123.0,3251.0,3241.0
2018-03,Manhattan,3130.0,3274.0,3269.0
2018-04,Manhattan,3141.0,3306.0,3315.0
2018-05,Manhattan,3159.0,3335.0,3323.0
2018-06,Manhattan,3177.0,3362.0,3375.0
2018-07,Manhattan,3192.0,3383.0,3392.0
2018-08,Manhattan,3206.0,3394.0,3402.0
2018-09,Manhattan,3214.0,3394.0,3402.0
2018-10,Manhattan,3210.0,3376.0,3380.0
2018-11,Manhattan,3203.0,3351.0,3352.0
2018-12,Manhattan,3195.0,3331.0,3337.0
2019-01,Manhattan,3193.0,3326.0,3326.0
2019-02,Manhattan,3198.0,3337.0,3340.0
2019-03,Manhattan,3207.0,3357.0,3366.0
2019-04,Manhattan,3221.0,3388.0,3405.0
2019-05,Manhattan,3240.0,3420.0,3448.0
2019-06,Manhattan,3257.0,3452.0,3479.0
2019-07,Manhattan,3274.0,3473.0,3496.0
2019-08,Manhattan,3289.0,3486.0,3501.0
2019-09,Manhattan,3294.0,3484.0,3503.0
2019-10,Manhattan,3291.0,3471.0,3479.0
2019-11,Manhattan,3287.0,3441.0,3452.0
2019-12,Manhattan,3278.0,3424.0,3444.0
2020-01,Manhattan,3277.0,3420.0,3440.0
2020-02,Manhattan,3277.0,3447.0,3473.0
2020-03,Manhattan,3265.0,3466.0,3476.0
2020-04,Manhattan,3245.0,3449.0,3447.0
2020-05,Manhattan,3209.0,3406.0,3388.0
2020-06,Manhattan,3171.0,3344.0,3351.0
2020-07,Manhattan,3122.0,3280.0,3285.0
2020-08,Manhattan,3060.0,,3184.0
2020-09,Manhattan,2989.0,,3044.0
2020-10,Manhattan,2913.0,2977.0,2965.0
2020-11,Manhattan,2846.0,2904.0,2847.0
2020-12,Manhattan,2790.0,2860.0,2804.0
2021-01,Manhattan,2743.0,2846.0,2778.0
2021-02,Manhattan,2716.0,2872.0,2811.0
2021-03,Manhattan,2706.0,2922.0,2843.0
2021-04,Manhattan,2719.0,2986.0,2949.0
2021-05,Manhattan,2759.0,3074.0,3077.0
2021-06,Manhattan,2824.0,3180.0,3216.0
2021-07,Manhattan,2907.0,3299.0,3352.0
2021-08,Manhattan,2998.0,3406.0,3479.0
2021-09,Manhattan,3081.0,3493.0,3572.0
2021-10,Manhattan,3155.0,3545.0,3640.0
2021-11,Manhattan,3222.0,3583.0,3677.0
2021-12,Manhattan,3282.0,3613.0,3692.0
2022-01,Manhattan,3338.0,3654.0,3740.0
2022-02,Manhattan,3394.0,3704.0,3789.0
2022-03,Manhattan,3454.0,3759.0,3834.0
2022-04,Manhattan,3513.0,3814.0,3888.0
2022-05,Manhattan,3577.0,3878.0,4000.0
2022-06,Manhattan,3634.0,3946.0,4100.0
2022-07,Manhattan,3684.0,4004.0,4073.0
2022-08,Manhattan,3726.0,4036.0,4046.0
2022-09,Manhattan,3752.0,4038.0,4062.0
2022-10,Manhattan,3748.0,4009.0,4067.0
2022-11,Manhattan,3731.0,3960.0,4037.0
2022-12,Manhattan,3719.0,3920.0,3966.0
2023-01,Manhattan,3714.0,3904.0,3966.0
2023-02,Manhattan,3720.0,3917.0,3957.0
2023-03,Manhattan,3734.0,3948.0,4001.0
2023-04,Manhattan,3761.0,3998.0,4035.0
2023-05,Manhattan,3790.0,4051.0,4086.0
2023-06,Manhattan,3821.0,4101.0,4133.0
2023-07,Manhattan,3847.0,4130.0,4163.0
2023-08,Manhattan,3864.0,4140.0,4202.0
2023-09,Manhattan,3861.0,4125.0,4205.0
2023-10,Manhattan,3843.0,4089.0,4194.0
2023-11,Manhattan,3820.0,4041.0,4138.0
2023-12,Manhattan,3801.0,3997.0,4087.0
2024-01,Manhattan,3798.0,3991.0,4054.0
2024-02,Manhattan,3810.0,4018.0,4076.0
2024-03,Manhattan,3832.0,4073.0,4107.0
2024-04,Manhattan,3864.0,4133.0,4162.0
2024-05,Manhattan,3904.0,4192.0,4244.0
2024-06,Manhattan,3942.0,4240.0,4297.0
2024-07,Manhattan,3973.0,4263.0,4332.0
2024-08,Manhattan,3995.0,4266.0,4334.0
2024-09,Manhattan,3996.0,4246.0,4318.0
2024-10,Manhattan,3985.0,4219.0,4280.0
2024-11,Manhattan,3976.0,4189.0,4232.0
2024-12,Manhattan,3965.0,4176.0,4211.0
2025-01,Manhattan,3969.0,4184.0,4219.0
2025-02,Manhattan,3988.0,4225.0,4275.0
2025-03,Manhattan,4024.0,4278.0,4334.0
2025-04,Manhattan,4060.0,4333.0,4370.0
2025-05,Manhattan,4103.0,4380.0,4405.0
2025-06,Manhattan,4149.0,4446.0,4460.0
2025-07,Manhattan,4192.0,4509.0,4516.0
2025-08,Manhattan,4230.0,4556.0,4546.0
2025-09,Manhattan,4254.0,4553.0,4511.0
2025-10,Manhattan,4252.0,4531.0,4485.0
2025-11,Manhattan,4242.0,4488.0,4444.0
2025-12,Manhattan,4234.0,4454.0,4416.0
2026-01,Manhattan,4230.0,4438.0,4424.0
2026-02,Manhattan,4249.0,4468.0,4516.0
2026-03,Manhattan,4281.0,4529.0,4531.0
2026-04,Manhattan,4322.0,4605.0,4582.0
2026-05,Manhattan,4369.0,4677.0,4638.0
2026-06,Manhattan,4424.0,4748.0,4696.0
2026-07,Manhattan,4472.0,4795.0,4769.0
2026-08,Manhattan,4511.0,4818.0,4756.0
2007-01,Brooklyn,,,
2007-02,Brooklyn,,,
2007-03,Brooklyn,,,
2007-04,Brooklyn,,,
2007-05,Brooklyn,,,
2007-06,Brooklyn,,,
2007-07,Brooklyn,,,
2007-08,Brooklyn,,,
2007-09,Brooklyn,,,
2007-10,Brooklyn,,,
2007-11,Brooklyn,,,
2007-12,Brooklyn,,,
2008-01,Brooklyn,,,
2008-02,Brooklyn,,,
2008-03,Brooklyn,,,
2008-04,Brooklyn,,,
2008-05,Brooklyn,,,
2008-06,Brooklyn,,,
2008-07,Brooklyn,,,
2008-08,Brooklyn,,,
2008-09,Brooklyn,,,
2008-10,Brooklyn,,,
2008-11,Brooklyn,,,
2008-12,Brooklyn,,,
2009-01,Brooklyn,,,
2009-02,Brooklyn,,,
2009-03,Brooklyn,,,
2009-04,Brooklyn,,,
2009-05,Brooklyn,,,
2009-06,Brooklyn,,,
2009-07,Brooklyn,,,
2009-08,Brooklyn,,,
2009-09,Brooklyn,,,
2009-10,Brooklyn,,,
2009-11,Brooklyn,,,
2009-12,Brooklyn,,,
2010-01,Brooklyn,1837.0,,
2010-02,Brooklyn,1833.0,,
2010-03,Brooklyn,1842.0,,
2010-04,Brooklyn,1847.0,,
2010-05,Brooklyn,1862.0,,
2010-06,Brooklyn,1881.0,,
2010-07,Brooklyn,1888.0,,
2010-08,Brooklyn,1899.0,,
2010-09,Brooklyn,1906.0,,
2010-10,Brooklyn,1921.0,,
2010-11,Brooklyn,1913.0,,
2010-12,Brooklyn,1927.0,,
2011-01,Brooklyn,1933.0,,
2011-02,Brooklyn,1938.0,,
2011-03,Brooklyn,1938.0,,
2011-04,Brooklyn,1959.0,,
2011-05,Brooklyn,1977.0,,
2011-06,Brooklyn,1990.0,,
2011-07,Brooklyn,2004.0,,
2011-08,Brooklyn,2020.0,,
2011-09,Brooklyn,2032.0,,
2011-10,Brooklyn,2044.0,,
2011-11,Brooklyn,2049.0,,
2011-12,Brooklyn,2047.0,,
2012-01,Brooklyn,2049.0,,
2012-02,Brooklyn,2061.0,,
2012-03,Brooklyn,2065.0,,
2012-04,Brooklyn,2086.0,,
2012-05,Brooklyn,2097.0,,
2012-06,Brooklyn,2111.0,,
2012-07,Brooklyn,2126.0,,
2012-08,Brooklyn,2140.0,,
2012-09,Brooklyn,2151.0,,
2012-10,Brooklyn,2164.0,,
2012-11,Brooklyn,2182.0,,
2012-12,Brooklyn,2193.0,,
2013-01,Brooklyn,2198.0,,
2013-02,Brooklyn,2203.0,,
2013-03,Brooklyn,2206.0,,
2013-04,Brooklyn,2220.0,,
2013-05,Brooklyn,2236.0,,
2013-06,Brooklyn,2254.0,,
2013-07,Brooklyn,2274.0,,
2013-08,Brooklyn,2288.0,,
2013-09,Brooklyn,2296.0,,
2013-10,Brooklyn,2305.0,,
2013-11,Brooklyn,2305.0,,
2013-12,Brooklyn,2305.0,,
2014-01,Brooklyn,2306.0,,
2014-02,Brooklyn,2311.0,,
2014-03,Brooklyn,2314.0,,
2014-04,Brooklyn,2326.0,,
2014-05,Brooklyn,2344.0,,
2014-06,Brooklyn,2357.0,,
2014-07,Brooklyn,2370.0,,
2014-08,Brooklyn,2386.0,,
2014-09,Brooklyn,2393.0,,
2014-10,Brooklyn,2393.0,,
2014-11,Brooklyn,2393.0,,
2014-12,Brooklyn,2395.0,,
2015-01,Brooklyn,2404.0,2344.0,2336.0
2015-02,Brooklyn,2410.0,2363.0,2329.0
2015-03,Brooklyn,2416.0,2388.0,2441.0
2015-04,Brooklyn,2429.0,2406.0,2329.0
2015-05,Brooklyn,2443.0,2430.0,2315.0
2015-06,Brooklyn,2457.0,2460.0,2337.0
2015-07,Brooklyn,2473.0,2478.0,2376.0
2015-08,Brooklyn,2485.0,2489.0,2389.0
2015-09,Brooklyn,2497.0,2507.0,2402.0
2015-10,Brooklyn,2499.0,2517.0,2391.0
2015-11,Brooklyn,2502.0,2507.0,2377.0
2015-12,Brooklyn,2500.0,2480.0,2349.0
2016-01,Brooklyn,2500.0,2469.0,2376.0
2016-02,Brooklyn,2499.0,2469.0,2388.0
2016-03,Brooklyn,2505.0,2487.0,2397.0
2016-04,Brooklyn,2513.0,2494.0,2424.0
2016-05,Brooklyn,2521.0,2507.0,2311.0
2016-06,Brooklyn,2529.0,2518.0,2340.0
2016-07,Brooklyn,2537.0,2538.0,2356.0
2016-08,Brooklyn,2544.0,2555.0,2389.0
2016-09,Brooklyn,2549.0,2562.0,2395.0
2016-10,Brooklyn,2546.0,2558.0,2371.0
2016-11,Brooklyn,2543.0,2560.0,2386.0
2016-12,Brooklyn,2533.0,2547.0,2376.0
2017-01,Brooklyn,2530.0,2536.0,2374.0
2017-02,Brooklyn,2528.0,2526.0,2367.0
2017-03,Brooklyn,2528.0,2532.0,2370.0
2017-04,Brooklyn,2533.0,2548.0,2381.0
2017-05,Brooklyn,2541.0,2561.0,2394.0
2017-06,Brooklyn,2549.0,2577.0,2419.0
2017-07,Brooklyn,2559.0,2594.0,2424.0
2017-08,Brooklyn,2569.0,2607.0,2452.0
2017-09,Brooklyn,2571.0,2606.0,2457.0
2017-10,Brooklyn,2565.0,2589.0,2457.0
2017-11,Brooklyn,2558.0,2570.0,2441.0
2017-12,Brooklyn,2555.0,2558.0,2364.0
2018-01,Brooklyn,2551.0,2557.0,2340.0
2018-02,Brooklyn,2550.0,2558.0,2334.0
2018-03,Brooklyn,2554.0,2572.0,2355.0
2018-04,Brooklyn,2563.0,2590.0,2376.0
2018-05,Brooklyn,2573.0,2611.0,2410.0
2018-06,Brooklyn,2585.0,2626.0,2427.0
2018-07,Brooklyn,2597.0,2638.0,2427.0
2018-08,Brooklyn,2607.0,2649.0,2431.0
2018-09,Brooklyn,2612.0,2652.0,2461.0
2018-10,Brooklyn,2609.0,2644.0,2446.0
2018-11,Brooklyn,2605.0,2628.0,2425.0
2018-12,Brooklyn,2595.0,2611.0,2395.0
2019-01,Brooklyn,2594.0,2612.0,2406.0
2019-02,Brooklyn,2598.0,2625.0,2415.0
2019-03,Brooklyn,2609.0,2653.0,2433.0
2019-04,Brooklyn,2624.0,2672.0,2433.0
2019-05,Brooklyn,2642.0,2699.0,2441.0
2019-06,Brooklyn,2657.0,2715.0,2457.0
2019-07,Brooklyn,2674.0,2740.0,2477.0
2019-08,Brooklyn,2693.0,2756.0,2494.0
2019-09,Brooklyn,2707.0,2772.0,2511.0
2019-10,Brooklyn,2713.0,2775.0,2533.0
2019-11,Brooklyn,2718.0,2772.0,2523.0
2019-12,Brooklyn,2719.0,2765.0,2503.0
2020-01,Brooklyn,2724.0,2766.0,2488.0
2020-02,Brooklyn,2730.0,2774.0,2506.0
2020-03,Brooklyn,2737.0,2790.0,2510.0
2020-04,Brooklyn,2735.0,2782.0,2461.0
2020-05,Brooklyn,2724.0,2764.0,2466.0
2020-06,Brooklyn,2707.0,2731.0,2456.0
2020-07,Brooklyn,2687.0,2708.0,2456.0
2020-08,Brooklyn,2659.0,2670.0,2419.0
2020-09,Brooklyn,2624.0,2622.0,2388.0
2020-10,Brooklyn,2582.0,2576.0,2320.0
2020-11,Brooklyn,2541.0,2541.0,2270.0
2020-12,Brooklyn,2507.0,2522.0,2235.0
2021-01,Brooklyn,2482.0,2514.0,2210.0
2021-02,Brooklyn,2466.0,2524.0,2219.0
2021-03,Brooklyn,2463.0,2546.0,2237.0
2021-04,Brooklyn,2474.0,2580.0,2276.0
2021-05,Brooklyn,2497.0,2621.0,2305.0
2021-06,Brooklyn,2531.0,2674.0,2351.0
2021-07,Brooklyn,2574.0,2732.0,2385.0
2021-08,Brooklyn,2621.0,2790.0,2410.0
2021-09,Brooklyn,2667.0,2837.0,2432.0
2021-10,Brooklyn,2708.0,2864.0,2446.0
2021-11,Brooklyn,2741.0,2885.0,2460.0
2021-12,Brooklyn,2768.0,2898.0,2453.0
2022-01,Brooklyn,2806.0,2933.0,2467.0
2022-02,Brooklyn,2842.0,2971.0,2501.0
2022-03,Brooklyn,2879.0,3024.0,2521.0
2022-04,Brooklyn,2921.0,3068.0,2547.0
2022-05,Brooklyn,2963.0,3129.0,2589.0
2022-06,Brooklyn,3014.0,3192.0,2655.0
2022-07,Brooklyn,3061.0,3254.0,2711.0
2022-08,Brooklyn,3100.0,3296.0,2740.0
2022-09,Brooklyn,3132.0,3306.0,2788.0
2022-10,Brooklyn,3151.0,3298.0,2787.0
2022-11,Brooklyn,3141.0,3258.0,2755.0
2022-12,Brooklyn,3134.0,3226.0,2734.0
2023-01,Brooklyn,3138.0,3220.0,2723.0
2023-02,Brooklyn,3136.0,3235.0,2726.0
2023-03,Brooklyn,3150.0,3263.0,2723.0
2023-04,Brooklyn,3168.0,3292.0,2722.0
2023-05,Brooklyn,3192.0,3329.0,2750.0
2023-06,Brooklyn,3218.0,3369.0,2808.0
2023-07,Brooklyn,3249.0,3398.0,2852.0
2023-08,Brooklyn,3273.0,3416.0,2847.0
2023-09,Brooklyn,3287.0,3423.0,2864.0
2023-10,Brooklyn,3289.0,3405.0,2826.0
2023-11,Brooklyn,3279.0,3370.0,2815.0
2023-12,Brooklyn,3264.0,3342.0,2763.0
2024-01,Brooklyn,3268.0,3343.0,2762.0
2024-02,Brooklyn,3278.0,3370.0,2766.0
2024-03,Brooklyn,3297.0,3402.0,2838.0
2024-04,Brooklyn,3317.0,3432.0,2870.0
2024-05,Brooklyn,3334.0,3467.0,2925.0
2024-06,Brooklyn,3358.0,3502.0,2964.0
2024-07,Brooklyn,3381.0,3527.0,2974.0
2024-08,Brooklyn,3394.0,3532.0,2967.0
2024-09,Brooklyn,3399.0,3519.0,2955.0
2024-10,Brooklyn,3395.0,3498.0,2973.0
2024-11,Brooklyn,3386.0,3476.0,2951.0
2024-12,Brooklyn,3385.0,3452.0,2869.0
2025-01,Brooklyn,3397.0,3452.0,2911.0
2025-02,Brooklyn,3403.0,3474.0,2943.0
2025-03,Brooklyn,3425.0,3519.0,2988.0
2025-04,Brooklyn,3454.0,3563.0,3008.0
2025-05,Brooklyn,3484.0,3602.0,3035.0
2025-06,Brooklyn,3512.0,3644.0,3088.0
2025-07,Brooklyn,3533.0,3673.0,3107.0
2025-08,Brooklyn,3556.0,3694.0,3113.0
2025-09,Brooklyn,3573.0,3685.0,3099.0
2025-10,Brooklyn,3573.0,3667.0,3075.0
2025-11,Brooklyn,3567.0,3635.0,3064.0
2025-12,Brooklyn,3559.0,3619.0,3067.0
2026-01,Brooklyn,3568.0,3625.0,3086.0
2026-02,Brooklyn,3573.0,3657.0,3121.0
2026-03,Brooklyn,3586.0,3700.0,3115.0
2026-04,Brooklyn,3611.0,3739.0,3138.0
2026-05,Brooklyn,3639.0,3784.0,3081.0
2026-06,Brooklyn,3665.0,3821.0,3109.0
2026-07,Brooklyn,3692.0,3850.0,3158.0
2026-08,Brooklyn,3718.0,3867.0,3269.0
2007-01,Queens,,,
2007-02,Queens,,,
2007-03,Queens,,,
2007-04,Queens,,,
2007-05,Queens,,,
2007-06,Queens,,,
2007-07,Queens,,,
2007-08,Queens,,,
2007-09,Queens,,,
2007-10,Queens,,,
2007-11,Queens,,,
2007-12,Queens,,,
2008-01,Queens,,,
2008-02,Queens,,,
2008-03,Queens,,,
2008-04,Queens,,,
2008-05,Queens,,,
2008-06,Queens,,,
2008-07,Queens,,,
2008-08,Queens,,,
2008-09,Queens,,,
2008-10,Queens,,,
2008-11,Queens,,,
2008-12,Queens,,,
2009-01,Queens,,,
2009-02,Queens,,,
2009-03,Queens,,,
2009-04,Queens,,,
2009-05,Queens,,,
2009-06,Queens,,,
2009-07,Queens,,,
2009-08,Queens,,,
2009-09,Queens,,,
2009-10,Queens,,,
2009-11,Queens,,,
2009-12,Queens,,,
2010-01,Queens,,,
2010-02,Queens,,,
2010-03,Queens,,,
2010-04,Queens,,,
2010-05,Queens,,,
2010-06,Queens,,,
2010-07,Queens,,,
2010-08,Queens,,,
2010-09,Queens,,,
2010-10,Queens,,,
2010-11,Queens,,,
2010-12,Queens,,,
2011-01,Queens,,,
2011-02,Queens,,,
2011-03,Queens,,,
2011-04,Queens,,,
2011-05,Queens,,,
2011-06,Queens,,,
2011-07,Queens,,,
2011-08,Queens,,,
2011-09,Queens,,,
2011-10,Queens,,,
2011-11,Queens,,,
2011-12,Queens,,,
2012-01,Queens,1759.0,,
2012-02,Queens,1789.0,,
2012-03,Queens,1797.0,,
2012-04,Queens,1786.0,,
2012-05,Queens,1805.0,,
2012-06,Queens,1800.0,,
2012-07,Queens,1810.0,,
2012-08,Queens,1799.0,,
2012-09,Queens,1808.0,,
2012-10,Queens,1808.0,,
2012-11,Queens,1817.0,,
2012-12,Queens,1822.0,,
2013-01,Queens,1822.0,,
2013-02,Queens,1815.0,,
2013-03,Queens,1817.0,,
2013-04,Queens,1823.0,,
2013-05,Queens,1836.0,,
2013-06,Queens,1844.0,,
2013-07,Queens,1862.0,,
2013-08,Queens,1874.0,,
2013-09,Queens,1883.0,,
2013-10,Queens,1885.0,,
2013-11,Queens,1879.0,,
2013-12,Queens,1876.0,,
2014-01,Queens,1879.0,,
2014-02,Queens,1882.0,,
2014-03,Queens,1886.0,,
2014-04,Queens,1898.0,,
2014-05,Queens,1904.0,,
2014-06,Queens,1911.0,,
2014-07,Queens,1928.0,,
2014-08,Queens,1941.0,,
2014-09,Queens,1955.0,,
2014-10,Queens,1962.0,,
2014-11,Queens,1963.0,,
2014-12,Queens,1969.0,,
2015-01,Queens,1978.0,2107.0,2005.0
2015-02,Queens,1984.0,2125.0,1968.0
2015-03,Queens,1987.0,2138.0,1982.0
2015-04,Queens,1993.0,2142.0,2034.0
2015-05,Queens,2002.0,2152.0,2010.0
2015-06,Queens,2010.0,2156.0,2037.0
2015-07,Queens,2029.0,2191.0,2075.0
2015-08,Queens,2041.0,2215.0,2071.0
2015-09,Queens,2048.0,2230.0,2072.0
2015-10,Queens,2049.0,2229.0,2049.0
2015-11,Queens,2047.0,2225.0,2052.0
2015-12,Queens,2045.0,2230.0,2067.0
2016-01,Queens,2050.0,2228.0,2049.0
2016-02,Queens,2052.0,2228.0,2013.0
2016-03,Queens,2057.0,2224.0,2033.0
2016-04,Queens,2066.0,2238.0,2042.0
2016-05,Queens,2073.0,2250.0,2147.0
2016-06,Queens,2083.0,2271.0,2134.0
2016-07,Queens,2088.0,2281.0,2143.0
2016-08,Queens,2095.0,2291.0,2141.0
2016-09,Queens,2099.0,2298.0,2179.0
2016-10,Queens,2099.0,2304.0,2193.0
2016-11,Queens,2092.0,2304.0,2185.0
2016-12,Queens,2088.0,2290.0,2156.0
2017-01,Queens,2087.0,2284.0,2122.0
2017-02,Queens,2093.0,2283.0,2128.0
2017-03,Queens,2095.0,2299.0,2127.0
2017-04,Queens,2099.0,2305.0,2129.0
2017-05,Queens,2100.0,2319.0,2123.0
2017-06,Queens,2108.0,2331.0,2128.0
2017-07,Queens,2117.0,2347.0,2148.0
2017-08,Queens,2120.0,2354.0,2155.0
2017-09,Queens,2121.0,2350.0,2147.0
2017-10,Queens,2106.0,2332.0,2146.0
2017-11,Queens,2096.0,2308.0,2160.0
2017-12,Queens,2081.0,2283.0,2151.0
2018-01,Queens,2077.0,2282.0,2126.0
2018-02,Queens,2076.0,2285.0,2089.0
2018-03,Queens,2082.0,2305.0,2099.0
2018-04,Queens,2088.0,2318.0,2139.0
2018-05,Queens,2097.0,2340.0,2162.0
2018-06,Queens,2107.0,2356.0,2176.0
2018-07,Queens,2117.0,2370.0,2170.0
2018-08,Queens,2126.0,2388.0,2191.0
2018-09,Queens,2134.0,2392.0,2182.0
2018-10,Queens,2135.0,2386.0,2177.0
2018-11,Queens,2131.0,2375.0,2172.0
2018-12,Queens,2132.0,2370.0,2169.0
2019-01,Queens,2130.0,2368.0,2184.0
2019-02,Queens,2131.0,2376.0,2190.0
2019-03,Queens,2136.0,2380.0,2196.0
2019-04,Queens,2138.0,2394.0,2186.0
2019-05,Queens,2156.0,2410.0,2207.0
2019-06,Queens,2168.0,2444.0,2241.0
2019-07,Queens,2181.0,2463.0,2283.0
2019-08,Queens,2192.0,2472.0,2270.0
2019-09,Queens,2196.0,2461.0,2272.0
2019-10,Queens,2198.0,2462.0,2262.0
2019-11,Queens,2195.0,2452.0,2278.0
2019-12,Queens,2192.0,2446.0,2254.0
2020-01,Queens,2192.0,2441.0,2246.0
2020-02,Queens,2195.0,2451.0,2263.0
2020-03,Queens,2201.0,2454.0,2278.0
2020-04,Queens,2194.0,2447.0,2280.0
2020-05,Queens,2190.0,2441.0,2230.0
2020-06,Queens,2181.0,2436.0,2228.0
2020-07,Queens,2171.0,2434.0,2218.0
2020-08,Queens,2152.0,2412.0,2207.0
2020-09,Queens,2128.0,2383.0,2197.0
2020-10,Queens,2096.0,2365.0,2179.0
2020-11,Queens,2067.0,2356.0,2146.0
2020-12,Queens,2035.0,2355.0,2143.0
2021-01,Queens,2005.0,2347.0,2107.0
2021-02,Queens,1989.0,2344.0,2078.0
2021-03,Queens,1976.0,2338.0,2091.0
2021-04,Queens,1972.0,2338.0,2089.0
2021-05,Queens,1972.0,2345.0,2105.0
2021-06,Queens,1992.0,2365.0,2116.0
2021-07,Queens,2014.0,2399.0,2147.0
2021-08,Queens,2052.0,2438.0,2161.0
2021-09,Queens,2085.0,2466.0,2188.0
2021-10,Queens,2122.0,2493.0,2155.0
2021-11,Queens,2158.0,2511.0,2174.0
2021-12,Queens,2183.0,2531.0,2183.0
2022-01,Queens,2211.0,2537.0,2164.0
2022-02,Queens,2231.0,2549.0,2180.0
2022-03,Queens,2250.0,2563.0,2199.0
2022-04,Queens,2268.0,2592.0,2246.0
2022-05,Queens,2296.0,2625.0,2235.0
2022-06,Queens,2331.0,2671.0,2274.0
2022-07,Queens,2366.0,2712.0,2332.0
2022-08,Queens,2393.0,2749.0,2353.0
2022-09,Queens,2414.0,2773.0,2345.0
2022-10,Queens,2430.0,2777.0,2332.0
2022-11,Queens,2435.0,2765.0,2342.0
2022-12,Queens,2434.0,2754.0,2333.0
2023-01,Queens,2443.0,2753.0,2377.0
2023-02,Queens,2450.0,2764.0,2385.0
2023-03,Queens,2456.0,2777.0,2370.0
2023-04,Queens,2469.0,2799.0,2353.0
2023-05,Queens,2489.0,2821.0,2368.0
2023-06,Queens,2512.0,2844.0,2380.0
2023-07,Queens,2534.0,2874.0,2416.0
2023-08,Queens,2547.0,2891.0,2458.0
2023-09,Queens,2550.0,2902.0,2475.0
2023-10,Queens,2553.0,2898.0,2496.0
2023-11,Queens,2551.0,2890.0,2476.0
2023-12,Queens,2553.0,2895.0,2465.0
2024-01,Queens,2553.0,2897.0,2433.0
2024-02,Queens,2560.0,2913.0,2437.0
2024-03,Queens,2569.0,2927.0,2461.0
2024-04,Queens,2577.0,2950.0,2489.0
2024-05,Queens,2593.0,2973.0,2547.0
2024-06,Queens,2609.0,2992.0,2530.0
2024-07,Queens,2621.0,3014.0,2570.0
2024-08,Queens,2638.0,3026.0,2582.0
2024-09,Queens,2642.0,3028.0,2565.0
2024-10,Queens,2645.0,3018.0,2543.0
2024-11,Queens,2639.0,3010.0,2548.0
2024-12,Queens,2641.0,3006.0,2549.0
2025-01,Queens,2641.0,3020.0,2575.0
2025-02,Queens,2645.0,3033.0,2565.0
2025-03,Queens,2655.0,3059.0,2564.0
2025-04,Queens,2659.0,3070.0,2583.0
2025-05,Queens,2669.0,3083.0,2585.0
2025-06,Queens,2686.0,3105.0,2592.0
2025-07,Queens,2712.0,3138.0,2689.0
2025-08,Queens,2734.0,3170.0,2731.0
2025-09,Queens,2744.0,3177.0,2733.0
2025-10,Queens,2745.0,3172.0,2700.0
2025-11,Queens,2749.0,3160.0,2735.0
2025-12,Queens,2749.0,3158.0,2816.0
2026-01,Queens,2743.0,3152.0,2808.0
2026-02,Queens,2741.0,3156.0,2776.0
2026-03,Queens,2754.0,3169.0,2748.0
2026-04,Queens,2775.0,3188.0,2727.0
2026-05,Queens,2789.0,3217.0,2823.0
2026-06,Queens,2805.0,3236.0,2921.0
2026-07,Queens,2821.0,3264.0,2889.0
2026-08,Queens,2833.0,3278.0,2890.0
