zip,borough,listings,listings_1y_ago,listings_12mo_avg,inventory_yoy_pct,zori,zori_yoy_pct,safmr_1br,has_zori
10001,Manhattan,328.6,356.7,300.7,-7.9,5706.0,4.6,3990.0,True
10002,Manhattan,594.3,735.9,481.0,-19.2,4756.0,7.8,2260.0,True
10003,Manhattan,680.3,799.3,594.6,-14.9,5267.0,7.6,3990.0,True
10004,Manhattan,63.3,60.3,55.4,5.0,5000.0,7.0,3270.0,True
10005,Manhattan,230.6,219.7,201.9,5.0,4724.0,6.9,3400.0,True
10006,Manhattan,90.2,85.9,79.0,5.0,4995.0,7.7,3400.0,True
10007,Manhattan,88.5,82.7,74.6,7.1,8761.0,3.7,3270.0,True
10009,Manhattan,746.0,865.7,633.0,-13.8,5031.0,7.1,2840.0,True
10010,Manhattan,491.5,530.2,441.4,-7.3,5398.0,5.4,3430.0,True
10011,Manhattan,693.3,762.0,635.1,-9.0,5898.0,5.1,3990.0,True
10012,Manhattan,313.7,344.5,252.4,-8.9,5274.0,8.0,3990.0,True
10013,Manhattan,366.9,361.5,293.1,1.5,6500.0,7.8,3990.0,True
10014,Manhattan,570.4,536.0,454.7,6.4,6169.0,8.2,3990.0,True
10016,Manhattan,1071.0,1140.3,976.0,-6.1,5225.0,5.4,3990.0,True
10017,Manhattan,286.3,303.7,264.0,-5.7,4534.0,5.7,3990.0,True
10018,Manhattan,144.5,153.7,136.9,-6.0,5155.0,2.8,3880.0,True
10019,Manhattan,1023.1,1076.9,949.3,-5.0,4875.0,4.6,3720.0,True
10021,Manhattan,435.5,480.1,394.2,-9.3,4172.0,7.8,3990.0,True
10022,Manhattan,597.7,635.0,550.6,-5.9,5092.0,5.9,3990.0,True
10023,Manhattan,626.4,659.5,528.0,-5.0,4939.0,5.0,3990.0,True
10024,Manhattan,532.7,557.5,446.0,-4.5,4502.0,7.0,3990.0,True
10025,Manhattan,800.9,836.0,668.6,-4.2,4748.0,5.0,2790.0,True
10026,Manhattan,213.0,249.5,210.4,-14.6,3678.0,4.4,2800.0,True
10027,Manhattan,269.8,299.6,244.3,-9.9,3918.0,3.3,2460.0,True
10028,Manhattan,419.3,466.3,379.8,-10.1,4019.0,6.5,3990.0,True
10029,Manhattan,316.6,336.0,267.9,-5.8,3562.0,5.7,2260.0,True
10030,Manhattan,158.3,186.6,157.9,-15.1,3028.0,6.3,2260.0,True
10031,Manhattan,222.2,267.3,229.3,-16.9,3200.0,4.8,2500.0,True
10032,Manhattan,161.2,208.9,175.5,-22.8,3126.0,4.9,2260.0,True
10033,Manhattan,110.4,144.8,120.8,-23.8,3204.0,6.3,2370.0,True
10034,Manhattan,118.7,207.5,161.6,-42.8,2582.0,2.1,2520.0,True
10035,Manhattan,58.0,61.6,49.1,-5.8,3315.0,6.8,2340.0,True
10036,Manhattan,632.0,665.7,589.1,-5.1,4752.0,4.0,3690.0,True
10037,Manhattan,99.9,112.9,93.4,-11.6,2856.0,3.1,2350.0,True
10038,Manhattan,377.8,364.4,331.3,3.7,5117.0,7.1,3990.0,True
10039,Manhattan,100.3,118.0,99.7,-15.0,3275.0,6.3,2260.0,True
10040,Manhattan,109.2,145.8,121.0,-25.1,2813.0,5.5,2470.0,True
10044,Manhattan,114.6,125.7,103.7,-8.9,4325.0,3.2,3990.0,True
10065,Manhattan,263.0,290.2,238.1,-9.4,,,,False
10069,Manhattan,51.0,53.7,43.0,-5.0,6117.0,3.9,3990.0,True
10075,Manhattan,212.3,234.8,192.2,-9.6,,,,False
10128,Manhattan,506.8,563.1,458.4,-10.0,4230.0,6.3,3990.0,True
10280,Manhattan,224.8,214.2,196.8,5.0,5271.0,4.9,3270.0,True
10282,Manhattan,146.0,139.1,127.8,5.0,7513.0,8.6,3400.0,True
10451,Bronx,111.8,110.2,105.8,1.5,2957.0,3.3,2260.0,True
10452,Bronx,26.9,15.3,19.5,75.9,2516.0,,2260.0,True
10453,Bronx,18.6,19.6,20.8,-4.9,2137.0,,2260.0,True
10454,Bronx,363.3,372.7,345.3,-2.5,3006.0,4.1,2300.0,True
10455,Bronx,134.7,137.4,128.1,-2.0,,,2260.0,False
10456,Bronx,38.9,26.9,37.2,44.5,2459.0,,2260.0,True
10457,Bronx,15.9,15.8,15.2,0.5,2388.0,,2310.0,True
10458,Bronx,18.3,32.3,24.0,-43.5,2864.0,18.2,2420.0,True
10459,Bronx,9.2,1.4,7.3,565.6,,,2260.0,False
10460,Bronx,14.6,10.3,14.6,41.7,,,2260.0,False
10461,Bronx,12.9,16.8,16.9,-23.1,2780.0,11.2,2750.0,True
10462,Bronx,28.2,25.8,21.4,9.1,2528.0,8.0,2600.0,True
10463,Bronx,156.8,115.4,130.1,35.9,3208.0,3.4,2610.0,True
10464,Bronx,0.5,0.8,0.8,-41.4,,,2680.0,False
10465,Bronx,11.7,14.3,19.6,-18.7,2882.0,10.0,2770.0,True
10466,Bronx,20.0,13.5,13.7,48.1,3237.0,,2510.0,True
10467,Bronx,32.1,19.3,27.0,66.5,2368.0,1.1,2490.0,True
10468,Bronx,33.6,36.9,35.5,-8.9,2226.0,8.2,2440.0,True
10469,Bronx,8.6,8.9,7.3,-3.3,3010.0,4.8,2580.0,True
10470,Bronx,2.1,1.5,1.4,44.4,,,2340.0,False
10471,Bronx,53.1,34.9,38.6,52.0,2825.0,,2480.0,True
10472,Bronx,4.1,3.9,7.4,5.5,2824.0,,2390.0,True
10473,Bronx,3.0,2.5,5.3,18.5,2885.0,,2260.0,True
10474,Bronx,2.3,0.8,1.5,200.0,,,2260.0,False
10475,Bronx,0.8,0.8,0.3,0.0,,,2260.0,False
11004,Queens,4.5,4.5,3.7,-0.1,,,2790.0,False
11101,Queens,778.7,779.4,681.6,-0.1,4394.0,3.3,3510.0,True
11102,Queens,216.2,233.4,221.7,-7.4,3424.0,4.1,3530.0,True
11103,Queens,330.9,354.3,339.9,-6.6,3230.0,5.9,3160.0,True
11104,Queens,57.6,66.7,67.4,-13.6,2852.0,2.7,2940.0,True
11105,Queens,298.4,322.3,306.0,-7.4,3125.0,6.1,3350.0,True
11106,Queens,140.3,151.5,143.9,-7.4,3213.0,2.2,3030.0,True
11109,Queens,415.5,414.1,360.2,0.3,4466.0,3.1,3510.0,True
11201,Brooklyn,1331.7,1452.0,1202.6,-8.3,4679.0,3.8,3990.0,True
11203,Brooklyn,165.9,159.6,158.0,3.9,2899.0,6.5,2460.0,True
11204,Brooklyn,54.5,68.2,60.1,-20.0,2496.0,7.3,2550.0,True
11205,Brooklyn,430.6,513.9,384.7,-16.2,4092.0,6.7,3170.0,True
11206,Brooklyn,972.0,1102.6,819.0,-11.8,4076.0,5.3,2420.0,True
11207,Brooklyn,288.7,282.8,239.9,2.1,3329.0,7.4,2340.0,True
11208,Brooklyn,88.9,47.4,63.2,87.4,3300.0,19.7,2440.0,True
11209,Brooklyn,119.6,121.8,124.2,-1.8,2862.0,4.4,2960.0,True
11210,Brooklyn,212.1,222.8,198.6,-4.8,2943.0,4.9,2550.0,True
11211,Brooklyn,1004.5,1146.6,822.0,-12.4,5020.0,4.9,3290.0,True
11212,Brooklyn,95.4,90.5,84.8,5.4,2727.0,9.3,2260.0,True
11213,Brooklyn,553.2,625.1,508.5,-11.5,3158.0,4.5,2560.0,True
11214,Brooklyn,55.6,57.2,60.3,-2.9,2709.0,2.6,2560.0,True
11215,Brooklyn,413.4,467.3,347.2,-11.5,4310.0,6.3,3990.0,True
11216,Brooklyn,518.6,559.6,454.6,-7.3,3633.0,5.3,3350.0,True
11217,Brooklyn,603.8,685.2,536.5,-11.9,4448.0,4.5,3990.0,True
11218,Brooklyn,286.8,316.0,238.3,-9.2,3347.0,1.9,2910.0,True
11219,Brooklyn,45.6,67.5,50.5,-32.5,2872.0,,2440.0,True
11220,Brooklyn,189.2,218.1,201.9,-13.2,2881.0,5.8,2360.0,True
11221,Brooklyn,1017.7,1180.4,896.9,-13.8,3650.0,6.3,2880.0,True
11222,Brooklyn,702.2,772.5,642.9,-9.1,4829.0,4.1,3630.0,True
11223,Brooklyn,45.8,57.8,50.6,-20.8,2537.0,5.3,2630.0,True
11224,Brooklyn,79.8,109.2,90.4,-26.9,3362.0,3.9,2260.0,True
11225,Brooklyn,324.9,391.6,310.1,-17.0,3403.0,6.1,2650.0,True
11226,Brooklyn,665.2,659.4,604.2,0.9,3065.0,4.2,2550.0,True
11228,Brooklyn,18.4,18.4,21.6,0.1,3041.0,-0.1,2550.0,True
11229,Brooklyn,46.9,33.7,39.9,38.9,2654.0,6.4,2610.0,True
11230,Brooklyn,347.0,378.8,326.5,-8.4,2807.0,1.4,2780.0,True
11231,Brooklyn,348.1,380.0,310.7,-8.4,4637.0,11.0,3990.0,True
11232,Brooklyn,78.8,94.3,85.2,-16.4,3146.0,0.5,2610.0,True
11233,Brooklyn,353.8,378.2,307.1,-6.4,3269.0,4.6,2490.0,True
11234,Brooklyn,19.0,15.6,15.4,22.1,2848.0,4.8,2650.0,True
11235,Brooklyn,132.6,97.9,106.6,35.5,2590.0,2.6,2600.0,True
11236,Brooklyn,77.6,49.6,54.9,56.6,2897.0,14.7,2560.0,True
11237,Brooklyn,671.3,812.6,589.4,-17.4,3826.0,5.8,2750.0,True
11238,Brooklyn,479.5,605.5,424.6,-20.8,4202.0,4.9,3790.0,True
11354,Queens,54.8,42.1,56.7,30.1,2703.0,2.4,2750.0,True
11355,Queens,66.3,51.7,69.2,28.1,2784.0,0.4,2750.0,True
11356,Queens,5.3,3.0,4.6,78.1,2674.0,13.7,2960.0,True
11357,Queens,32.3,10.5,22.4,207.1,3015.0,10.0,3090.0,True
11358,Queens,33.2,24.9,33.4,33.3,2562.0,5.9,2950.0,True
11360,Queens,4.5,4.2,5.9,6.9,3122.0,,3350.0,True
11361,Queens,24.0,19.1,24.5,25.4,2849.0,4.8,3280.0,True
11362,Queens,7.0,7.6,4.2,-8.2,,,3570.0,False
11363,Queens,4.0,4.4,2.4,-8.3,,,3270.0,False
11364,Queens,64.4,43.1,50.0,49.4,2752.0,1.5,3220.0,True
11365,Queens,57.4,23.7,37.2,141.8,2640.0,-4.1,2480.0,True
11366,Queens,17.2,7.6,11.3,127.1,,,2850.0,False
11367,Queens,39.3,36.8,38.7,6.8,2644.0,,2490.0,True
11368,Queens,52.8,49.0,52.3,7.7,,,2830.0,False
11369,Queens,8.5,5.4,7.7,58.0,2833.0,,2790.0,True
11370,Queens,61.7,62.7,61.2,-1.7,3089.0,,2910.0,True
11372,Queens,88.8,76.4,80.3,16.3,2670.0,1.6,2830.0,True
11373,Queens,109.4,117.1,114.3,-6.6,2824.0,6.0,2890.0,True
11374,Queens,189.7,162.4,174.5,16.8,3056.0,3.4,3280.0,True
11375,Queens,221.1,186.1,189.9,18.8,3163.0,5.6,3330.0,True
11377,Queens,202.9,212.9,211.4,-4.7,3068.0,2.5,2750.0,True
11378,Queens,86.5,58.1,69.8,48.9,2659.0,9.9,2820.0,True
11379,Queens,42.6,41.5,35.5,2.7,2697.0,10.9,2960.0,True
11385,Queens,287.4,324.9,297.2,-11.5,3453.0,5.9,2700.0,True
11411,Queens,0.3,1.1,1.2,-75.0,,,2360.0,False
11412,Queens,10.0,6.2,7.5,59.6,,,2350.0,False
11413,Queens,7.9,8.0,7.5,-0.1,3233.0,,2850.0,True
11414,Queens,5.0,5.0,4.5,0.0,,,2820.0,False
11415,Queens,70.7,97.7,80.2,-27.7,2563.0,11.9,2930.0,True
11416,Queens,2.2,2.1,2.6,4.6,2900.0,,2670.0,True
11417,Queens,2.1,2.1,2.5,3.5,,,2670.0,False
11418,Queens,34.1,25.6,26.2,33.1,2813.0,6.9,2750.0,True
11419,Queens,4.3,2.8,3.9,54.6,,,2840.0,False
11420,Queens,1.2,0.6,0.8,96.6,,,2870.0,False
11421,Queens,15.6,12.2,15.0,27.8,2879.0,,2810.0,True
11422,Queens,2.4,1.3,2.1,81.6,,,3160.0,False
11423,Queens,31.6,34.4,33.9,-8.3,,,2370.0,False
11426,Queens,1.6,2.3,1.5,-28.2,3208.0,,3040.0,True
11427,Queens,20.9,15.0,15.5,39.4,,,2420.0,False
11428,Queens,5.6,4.1,4.1,34.6,,,2540.0,False
11429,Queens,8.8,6.9,6.6,27.4,,,2370.0,False
11432,Queens,121.3,117.9,115.2,2.9,2715.0,8.1,2890.0,True
11433,Queens,50.5,47.9,51.7,5.5,3015.0,11.0,2380.0,True
11434,Queens,1.4,1.5,2.2,-4.8,,,2260.0,False
11435,Queens,154.5,141.7,142.8,9.0,2410.0,2.6,2680.0,True
11691,Queens,20.6,28.4,28.3,-27.3,3428.0,,2660.0,True
11692,Queens,7.3,10.0,9.9,-27.3,3159.0,,2260.0,True
11693,Queens,4.5,6.1,6.1,-27.3,,,2260.0,False
11694,Queens,7.3,10.0,10.0,-27.3,,,2470.0,False
11697,Queens,0.3,0.5,0.5,-27.3,,,2470.0,False
