zip,city,county,borough
10001,New York,New York City,Manhattan
10002,Knickerbocker,New York City,Manhattan
10002,New York,New York City,Manhattan
10003,New York,New York City,Manhattan
10004,Bowling Green,New York City,Manhattan
10004,New York,New York City,Manhattan
10005,New York,New York City,Manhattan
10006,Trinity,New York City,Manhattan
10006,New York,New York City,Manhattan
10007,New York,New York City,Manhattan
10008,New York,New York City,Manhattan
10009,New York,New York City,Manhattan
10010,New York,New York City,Manhattan
10011,New York,New York City,Manhattan
10012,New York,New York City,Manhattan
10012,Princetown,New York City,Manhattan
10013,Canal Street,New York City,Manhattan
10013,Chinatown,New York City,Manhattan
10013,New York,New York City,Manhattan
10014,New York,New York City,Manhattan
10015,New York,New York City,Manhattan
10016,New York,New York City,Manhattan
10017,New York,New York City,Manhattan
10018,New York,New York City,Manhattan
10019,New York,New York City,Manhattan
10020,New York,New York City,Manhattan
10021,New York,New York City,Manhattan
10022,New York,New York City,Manhattan
10023,New York,New York City,Manhattan
10024,New York,New York City,Manhattan
10025,New York,New York City,Manhattan
10026,New York,New York City,Manhattan
10027,New York,New York City,Manhattan
10028,New York,New York City,Manhattan
10029,New York,New York City,Manhattan
10030,New York,New York City,Manhattan
10031,New York,New York City,Manhattan
10032,New York,New York City,Manhattan
10033,New York,New York City,Manhattan
10034,New York,New York City,Manhattan
10035,New York,New York City,Manhattan
10036,New York,New York City,Manhattan
10037,New York,New York City,Manhattan
10038,Peck Slip,New York City,Manhattan
10038,New York,New York City,Manhattan
10039,New York,New York City,Manhattan
10040,New York,New York City,Manhattan
10041,New York,New York City,Manhattan
10044,Roosevelt Island,New York City,Manhattan
10044,New York,New York City,Manhattan
10045,New York,New York City,Manhattan
10048,New York,New York City,Manhattan
10055,New York,New York City,Manhattan
10060,New York,New York City,Manhattan
10069,New York,New York City,Manhattan
10090,New York,New York City,Manhattan
10095,New York,New York City,Manhattan
10098,New York,New York City,Manhattan
10099,New York,New York City,Manhattan
10101,New York,New York City,Manhattan
10103,New York,New York City,Manhattan
10104,New York,New York City,Manhattan
10105,New York,New York City,Manhattan
10106,New York,New York City,Manhattan
10107,New York,New York City,Manhattan
10108,New York,New York City,Manhattan
10110,New York,New York City,Manhattan
10111,New York,New York City,Manhattan
10112,New York,New York City,Manhattan
10113,New York,New York City,Manhattan
10115,New York,New York City,Manhattan
10116,New York,New York City,Manhattan
10118,New York,New York City,Manhattan
10119,New York,New York City,Manhattan
10120,New York,New York City,Manhattan
10121,New York,New York City,Manhattan
10122,New York,New York City,Manhattan
10123,New York,New York City,Manhattan
10128,New York,New York City,Manhattan
10129,New York,New York City,Manhattan
10150,New York,New York City,Manhattan
10151,New York,New York City,Manhattan
10152,New York,New York City,Manhattan
10153,New York,New York City,Manhattan
10154,New York,New York City,Manhattan
10155,New York,New York City,Manhattan
10156,New York,New York City,Manhattan
10158,New York,New York City,Manhattan
10159,New York,New York City,Manhattan
10161,New York,New York City,Manhattan
10162,New York,New York City,Manhattan
10163,New York,New York City,Manhattan
10165,New York,New York City,Manhattan
10166,New York,New York City,Manhattan
10167,New York,New York City,Manhattan
10168,New York,New York City,Manhattan
10169,New York,New York City,Manhattan
10170,New York,New York City,Manhattan
10171,New York,New York City,Manhattan
10172,New York,New York City,Manhattan
10173,New York,New York City,Manhattan
10174,New York,New York City,Manhattan
10175,New York,New York City,Manhattan
10176,New York,New York City,Manhattan
10177,New York,New York City,Manhattan
10178,New York,New York City,Manhattan
10185,New York,New York City,Manhattan
10199,New York,New York City,Manhattan
10242,New York,New York City,Manhattan
10249,New York,New York City,Manhattan
10268,New York,New York City,Manhattan
10270,New York,New York City,Manhattan
10271,New York,New York City,Manhattan
10272,New York,New York City,Manhattan
10274,New York,New York City,Manhattan
10276,New York,New York City,Manhattan
10278,New York,New York City,Manhattan
10279,New York,New York City,Manhattan
10280,New York,New York City,Manhattan
10281,New York,New York City,Manhattan
10282,New York,New York City,Manhattan
10301,Staten Island,Richmond,Staten Island
10302,Staten Island,Richmond,Staten Island
10303,Staten Island,Richmond,Staten Island
10304,Staten Island,Richmond,Staten Island
10305,Staten Island,Richmond,Staten Island
10306,Staten Island,Richmond,Staten Island
10307,Staten Island,Richmond,Staten Island
10308,Staten Island,Richmond,Staten Island
10309,Staten Island,Richmond,Staten Island
10310,Staten Island,Richmond,Staten Island
10311,Staten Island,Richmond,Staten Island
10312,Staten Island,Richmond,Staten Island
10313,Staten Island,Richmond,Staten Island
10314,Staten Island,Richmond,Staten Island
10451,Bronx,Bronx,Bronx
10452,Bronx,Bronx,Bronx
10453,Bronx,Bronx,Bronx
10454,Bronx,Bronx,Bronx
10455,Bronx,Bronx,Bronx
10456,Bronx,Bronx,Bronx
10457,Bronx,Bronx,Bronx
10458,Bronx,Bronx,Bronx
10459,Bronx,Bronx,Bronx
10460,Bronx,Bronx,Bronx
10461,Bronx,Bronx,Bronx
10462,Bronx,Bronx,Bronx
10463,Bronx,Bronx,Bronx
10464,Bronx,Bronx,Bronx
10465,Bronx,Bronx,Bronx
10466,Bronx,Bronx,Bronx
10467,Bronx,Bronx,Bronx
10468,Bronx,Bronx,Bronx
10469,Bronx,Bronx,Bronx
10470,Bronx,Bronx,Bronx
10471,Bronx,Bronx,Bronx
10472,Bronx,Bronx,Bronx
10473,Bronx,Bronx,Bronx
10474,Bronx,Bronx,Bronx
10475,Bronx,Bronx,Bronx
11004,Glen Oaks,Queens,Queens
11004,Floral Park,Queens,Queens
11005,Floral Park,Queens,Queens
11101,Astoria,Queens,Queens
11101,Long Island City,Queens,Queens
11102,Astoria,Queens,Queens
11102,Long Island City,Queens,Queens
11103,Astoria,Queens,Queens
11103,Long Island City,Queens,Queens
11104,Astoria,Queens,Queens
11104,Long Island City,Queens,Queens
11104,Sunnyside,Queens,Queens
11105,Astoria,Queens,Queens
11105,Long Island City,Queens,Queens
11106,Astoria,Queens,Queens
11106,Long Island City,Queens,Queens
11109,Long Island City,Queens,Queens
11201,Brooklyn,Kings,Brooklyn
11202,Brooklyn,Kings,Brooklyn
11203,Brooklyn,Kings,Brooklyn
11204,Brooklyn,Kings,Brooklyn
11205,Brooklyn,Kings,Brooklyn
11206,Brooklyn,Kings,Brooklyn
11207,Brooklyn,Kings,Brooklyn
11208,Brooklyn,Kings,Brooklyn
11209,Brooklyn,Kings,Brooklyn
11210,Brooklyn,Kings,Brooklyn
11211,Brooklyn,Kings,Brooklyn
11212,Brooklyn,Kings,Brooklyn
11213,Brooklyn,Kings,Brooklyn
11214,Brooklyn,Kings,Brooklyn
11215,Brooklyn,Kings,Brooklyn
11216,Brooklyn,Kings,Brooklyn
11217,Brooklyn,Kings,Brooklyn
11218,Brooklyn,Kings,Brooklyn
11219,Brooklyn,Kings,Brooklyn
11220,Brooklyn,Kings,Brooklyn
11221,Brooklyn,Kings,Brooklyn
11222,Brooklyn,Kings,Brooklyn
11223,Brooklyn,Kings,Brooklyn
11224,Brooklyn,Kings,Brooklyn
11225,Brooklyn,Kings,Brooklyn
11226,Brooklyn,Kings,Brooklyn
11228,Brooklyn,Kings,Brooklyn
11229,Brooklyn,Kings,Brooklyn
11230,Brooklyn,Kings,Brooklyn
11231,Brooklyn,Kings,Brooklyn
11232,Brooklyn,Kings,Brooklyn
11233,Brooklyn,Kings,Brooklyn
11234,Brooklyn,Kings,Brooklyn
11235,Brooklyn,Kings,Brooklyn
11236,Brooklyn,Kings,Brooklyn
11237,Brooklyn,Kings,Brooklyn
11238,Brooklyn,Kings,Brooklyn
11239,Brooklyn,Kings,Brooklyn
11240,Brooklyn,Kings,Brooklyn
11241,Brooklyn,Kings,Brooklyn
11242,Brooklyn,Kings,Brooklyn
11243,Brooklyn,Kings,Brooklyn
11247,Brooklyn,Kings,Brooklyn
11249,Brooklyn,Kings,Brooklyn
11252,Fort Hamilton,Kings,Brooklyn
11252,Brooklyn,Kings,Brooklyn
11256,Brooklyn,Kings,Brooklyn
11351,Flushing,Queens,Queens
11352,Flushing,Queens,Queens
11354,Flushing,Queens,Queens
11355,Flushing,Queens,Queens
11356,College Point,Queens,Queens
11356,Flushing,Queens,Queens
11357,Beechhurst,Queens,Queens
11357,Malba,Queens,Queens
11357,Flushing,Queens,Queens
11358,Flushing,Queens,Queens
11359,Bayside,Queens,Queens
11359,Fort Totten,Queens,Queens
11359,Flushing,Queens,Queens
11360,Bayside,Queens,Queens
11360,Flushing,Queens,Queens
11361,Bayside,Queens,Queens
11361,Flushing,Queens,Queens
11362,Douglaston,Queens,Queens
11362,Little Neck,Queens,Queens
11362,Flushing,Queens,Queens
11363,Douglaston,Queens,Queens
11363,Little Neck,Queens,Queens
11363,Flushing,Queens,Queens
11364,Oakland Gardens,Queens,Queens
11364,Flushing,Queens,Queens
11365,Fresh Meadows,Queens,Queens
11365,Flushing,Queens,Queens
11366,Fresh Meadows,Queens,Queens
11366,Flushing,Queens,Queens
11367,Flushing,Queens,Queens
11368,Corona,Queens,Queens
11368,Flushing,Queens,Queens
11369,East Elmhurst,Queens,Queens
11369,Flushing,Queens,Queens
11370,East Elmhurst,Queens,Queens
11370,Flushing,Queens,Queens
11371,East Elmhurst,Queens,Queens
11371,La Guardia Airport,Queens,Queens
11371,Flushing,Queens,Queens
11372,Jackson Heights,Queens,Queens
11372,Jackson Hts,Queens,Queens
11372,Flushing,Queens,Queens
11373,Elmhurst,Queens,Queens
11373,Flushing,Queens,Queens
11374,Rego Park,Queens,Queens
11374,Flushing,Queens,Queens
11375,Forest Hills,Queens,Queens
11375,Flushing,Queens,Queens
11377,Flushing,Queens,Queens
11378,Maspeth,Queens,Queens
11378,Flushing,Queens,Queens
11379,Middle Village,Queens,Queens
11379,Middle Vlg,Queens,Queens
11379,Flushing,Queens,Queens
11380,Elmhurst,Queens,Queens
11380,Elmhurst A,Queens,Queens
11380,Flushing,Queens,Queens
11385,Glendale,Queens,Queens
11385,Ridgewood,Queens,Queens
11385,Flushing,Queens,Queens
11386,Ridgewood,Queens,Queens
11386,Flushing,Queens,Queens
11411,Cambria Heights,Queens,Queens
11411,Jamaica,Queens,Queens
11412,St. Albans,Queens,Queens
11412,Jamaica,Queens,Queens
11413,Laurelton,Queens,Queens
11413,Springfield Gardens,Queens,Queens
11413,Jamaica,Queens,Queens
11414,Howard Beach,Queens,Queens
11414,Jamaica,Queens,Queens
11415,Kew Gardens,Queens,Queens
11415,Jamaica,Queens,Queens
11416,Ozone Park,Queens,Queens
11416,Jamaica,Queens,Queens
11417,Ozone Park,Queens,Queens
11417,Jamaica,Queens,Queens
11418,Richmond Hill,Queens,Queens
11418,Jamaica,Queens,Queens
11419,South Richmond Hill,Queens,Queens
11419,Jamaica,Queens,Queens
11420,South Ozone Park,Queens,Queens
11420,Jamaica,Queens,Queens
11421,Jamaica,Queens,Queens
11422,Rosedale,Queens,Queens
11422,Jamaica,Queens,Queens
11423,Hollis,Queens,Queens
11423,Jamaica,Queens,Queens
11424,Jamaica,Queens,Queens
11426,Bellerose,Queens,Queens
11426,Jamaica,Queens,Queens
11427,Queens Village,Queens,Queens
11427,Jamaica,Queens,Queens
11428,Queens Village,Queens,Queens
11428,Jamaica,Queens,Queens
11429,Queens Village,Queens,Queens
11429,Jamaica,Queens,Queens
11430,John F Kennedy Airport,Queens,Queens
11430,Jamaica,Queens,Queens
11431,Jamaica,Queens,Queens
11432,Jamaica Est,Queens,Queens
11432,Jamaica,Queens,Queens
11433,Jamaica,Queens,Queens
11434,Jamaica,Queens,Queens
11435,Briarwood,Queens,Queens
11435,Jamaica,Queens,Queens
11436,South Ozone Park,Queens,Queens
11436,Jamaica,Queens,Queens
11690,Edgemere,Queens,Queens
11690,Wave Crest,Queens,Queens
11690,Far Rockaway,Queens,Queens
11691,Far Rockaway,Queens,Queens
11692,Arverne,Queens,Queens
11692,Far Rockaway,Queens,Queens
11693,Broad Channel,Queens,Queens
11693,Rockaway Beach,Queens,Queens
11693,Far Rockaway,Queens,Queens
11694,Neponsit,Queens,Queens
11694,Rockaway Park,Queens,Queens
11694,Far Rockaway,Queens,Queens
11695,Fort Tilden,Queens,Queens
11695,Far Rockaway,Queens,Queens
11697,Breezy Point,Queens,Queens
11697,Rockaway Point,Queens,Queens
11697,Far Rockaway,Queens,Queens
