month,Bronx,Brooklyn,Manhattan,Queens,Staten Island
2015-01-31,,2336.0,3154.0,2005.0,
2015-02-28,,2329.0,3152.0,1968.0,
2015-03-31,,2441.0,3172.0,1982.0,
2015-04-30,,2329.0,3199.0,2034.0,
2015-05-31,2020.0,2315.0,3220.0,2010.0,
2015-06-30,1991.0,2337.0,3248.0,2037.0,
2015-07-31,2057.0,2376.0,3254.0,2075.0,
2015-08-31,2091.0,2389.0,3251.0,2071.0,
2015-09-30,2097.0,2402.0,3234.0,2072.0,
2015-10-31,2043.0,2391.0,3223.0,2049.0,
2015-11-30,,2377.0,3218.0,2052.0,
2015-12-31,1649.0,2349.0,3185.0,2067.0,
2016-01-31,2008.0,2376.0,3211.0,2049.0,
2016-02-29,1743.0,2388.0,3220.0,2013.0,
2016-03-31,1728.0,2397.0,3248.0,2033.0,
2016-04-30,2059.0,2424.0,3265.0,2042.0,
2016-05-31,1357.0,2311.0,3277.0,2147.0,
2016-06-30,1374.0,2340.0,3298.0,2134.0,
2016-07-31,1380.0,2356.0,3322.0,2143.0,
2016-08-31,1386.0,2389.0,3321.0,2141.0,
2016-09-30,1424.0,2395.0,3308.0,2179.0,
2016-10-31,1432.0,2371.0,3279.0,2193.0,
2016-11-30,1455.0,2386.0,3247.0,2185.0,
2016-12-31,1473.0,2376.0,3195.0,2156.0,
2017-01-31,1418.0,2374.0,3208.0,2122.0,
2017-02-28,1429.0,2367.0,3222.0,2128.0,
2017-03-31,1432.0,2370.0,3237.0,2127.0,
2017-04-30,1455.0,2381.0,3251.0,2129.0,
2017-05-31,1474.0,2394.0,3290.0,2123.0,
2017-06-30,1471.0,2419.0,3325.0,2128.0,
2017-07-31,1467.0,2424.0,3349.0,2148.0,
2017-08-31,1452.0,2452.0,3339.0,2155.0,
2017-09-30,1453.0,2457.0,3333.0,2147.0,
2017-10-31,1460.0,2457.0,3301.0,2146.0,
2017-11-30,1454.0,2441.0,3272.0,2160.0,
2017-12-31,1602.0,2364.0,3229.0,2151.0,
2018-01-31,1524.0,2340.0,3226.0,2126.0,
2018-02-28,1540.0,2334.0,3241.0,2089.0,
2018-03-31,1585.0,2355.0,3269.0,2099.0,
2018-04-30,1561.0,2376.0,3315.0,2139.0,
2018-05-31,1608.0,2410.0,3323.0,2162.0,
2018-06-30,1598.0,2427.0,3375.0,2176.0,
2018-07-31,1645.0,2427.0,3392.0,2170.0,
2018-08-31,1585.0,2431.0,3402.0,2191.0,
2018-09-30,1625.0,2461.0,3402.0,2182.0,
2018-10-31,1663.0,2446.0,3380.0,2177.0,
2018-11-30,1724.0,2425.0,3352.0,2172.0,
2018-12-31,1706.0,2395.0,3337.0,2169.0,
2019-01-31,1646.0,2406.0,3326.0,2184.0,
2019-02-28,1633.0,2415.0,3340.0,2190.0,
2019-03-31,1625.0,2433.0,3366.0,2196.0,
2019-04-30,1754.0,2433.0,3405.0,2186.0,
2019-05-31,1656.0,2441.0,3448.0,2207.0,
2019-06-30,1692.0,2457.0,3479.0,2241.0,
2019-07-31,1686.0,2477.0,3496.0,2283.0,
2019-08-31,1709.0,2494.0,3501.0,2270.0,
2019-09-30,1702.0,2511.0,3503.0,2272.0,
2019-10-31,1713.0,2533.0,3479.0,2262.0,
2019-11-30,1724.0,2523.0,3452.0,2278.0,
2019-12-31,1721.0,2503.0,3444.0,2254.0,
2020-01-31,1722.0,2488.0,3440.0,2246.0,
2020-02-29,1722.0,2506.0,3473.0,2263.0,
2020-03-31,1764.0,2510.0,3476.0,2278.0,
2020-04-30,1755.0,2461.0,3447.0,2280.0,
2020-05-31,1780.0,2466.0,3388.0,2230.0,
2020-06-30,1778.0,2456.0,3351.0,2228.0,
2020-07-31,1788.0,2456.0,3285.0,2218.0,
2020-08-31,1778.0,2419.0,3184.0,2207.0,1795.0
2020-09-30,1808.0,2388.0,3044.0,2197.0,1842.0
2020-10-31,1782.0,2320.0,2965.0,2179.0,1815.0
2020-11-30,1787.0,2270.0,2847.0,2146.0,1839.0
2020-12-31,1776.0,2235.0,2804.0,2143.0,1809.0
2021-01-31,1785.0,2210.0,2778.0,2107.0,1875.0
2021-02-28,1821.0,2219.0,2811.0,2078.0,1848.0
2021-03-31,1819.0,2237.0,2843.0,2091.0,1809.0
2021-04-30,1850.0,2276.0,2949.0,2089.0,1801.0
2021-05-31,1862.0,2305.0,3077.0,2105.0,1833.0
2021-06-30,1874.0,2351.0,3216.0,2116.0,1849.0
2021-07-31,1869.0,2385.0,3352.0,2147.0,1879.0
2021-08-31,1878.0,2410.0,3479.0,2161.0,1858.0
2021-09-30,1918.0,2432.0,3572.0,2188.0,1869.0
2021-10-31,1912.0,2446.0,3640.0,2155.0,1846.0
2021-11-30,1915.0,2460.0,3677.0,2174.0,1887.0
2021-12-31,1870.0,2453.0,3692.0,2183.0,1885.0
2022-01-31,1906.0,2467.0,3740.0,2164.0,1879.0
2022-02-28,1941.0,2501.0,3789.0,2180.0,1874.0
2022-03-31,2013.0,2521.0,3834.0,2199.0,1889.0
2022-04-30,1992.0,2547.0,3888.0,2246.0,1962.0
2022-05-31,1961.0,2589.0,4000.0,2235.0,2000.0
2022-06-30,2012.0,2655.0,4100.0,2274.0,2014.0
2022-07-31,1976.0,2711.0,4073.0,2332.0,1997.0
2022-08-31,1939.0,2740.0,4046.0,2353.0,1997.0
2022-09-30,2009.0,2788.0,4062.0,2345.0,2022.0
2022-10-31,2113.0,2787.0,4067.0,2332.0,2046.0
2022-11-30,2103.0,2755.0,4037.0,2342.0,2055.0
2022-12-31,2045.0,2734.0,3966.0,2333.0,2073.0
2023-01-31,2170.0,2723.0,3966.0,2377.0,2138.0
2023-02-28,2179.0,2726.0,3957.0,2385.0,2079.0
2023-03-31,2213.0,2723.0,4001.0,2370.0,2124.0
2023-04-30,2196.0,2722.0,4035.0,2353.0,2091.0
2023-05-31,2196.0,2750.0,4086.0,2368.0,2090.0
2023-06-30,2237.0,2808.0,4133.0,2380.0,2104.0
2023-07-31,2235.0,2852.0,4163.0,2416.0,2138.0
2023-08-31,2273.0,2847.0,4202.0,2458.0,2154.0
2023-09-30,2297.0,2864.0,4205.0,2475.0,2169.0
2023-10-31,2339.0,2826.0,4194.0,2496.0,2187.0
2023-11-30,2326.0,2815.0,4138.0,2476.0,2217.0
2023-12-31,2304.0,2763.0,4087.0,2465.0,2123.0
2024-01-31,2305.0,2762.0,4054.0,2433.0,2183.0
2024-02-29,2347.0,2766.0,4076.0,2437.0,2195.0
2024-03-31,2395.0,2838.0,4107.0,2461.0,2228.0
2024-04-30,2504.0,2870.0,4162.0,2489.0,2338.0
2024-05-31,2496.0,2925.0,4244.0,2547.0,2371.0
2024-06-30,2515.0,2964.0,4297.0,2530.0,2365.0
2024-07-31,2475.0,2974.0,4332.0,2570.0,2352.0
2024-08-31,2455.0,2967.0,4334.0,2582.0,2388.0
2024-09-30,2464.0,2955.0,4318.0,2565.0,2373.0
2024-10-31,2526.0,2973.0,4280.0,2543.0,2387.0
2024-11-30,2527.0,2951.0,4232.0,2548.0,2354.0
2024-12-31,2641.0,2869.0,4211.0,2549.0,2448.0
2025-01-31,2624.0,2911.0,4219.0,2575.0,2469.0
2025-02-28,2548.0,2943.0,4275.0,2565.0,2459.0
2025-03-31,2555.0,2988.0,4334.0,2564.0,2489.0
2025-04-30,2593.0,3008.0,4370.0,2583.0,2507.0
2025-05-31,2581.0,3035.0,4405.0,2585.0,2479.0
2025-06-30,2569.0,3088.0,4460.0,2592.0,2444.0
2025-07-31,2540.0,3107.0,4516.0,2689.0,2477.0
2025-08-31,2559.0,3113.0,4546.0,2731.0,2479.0
2025-09-30,2621.0,3099.0,4511.0,2733.0,2489.0
2025-10-31,2681.0,3075.0,4485.0,2700.0,2493.0
2025-11-30,2615.0,3064.0,4444.0,2735.0,2476.0
2025-12-31,2632.0,3067.0,4416.0,2816.0,2508.0
2026-01-31,2638.0,3086.0,4424.0,2808.0,2530.0
2026-02-28,2678.0,3121.0,4516.0,2776.0,2559.0
2026-03-31,2632.0,3115.0,4531.0,2748.0,2524.0
2026-04-30,2657.0,3138.0,4582.0,2727.0,2555.0
2026-05-31,2738.0,3081.0,4638.0,2823.0,2600.0
2026-06-30,2764.0,3109.0,4696.0,2921.0,2578.0
2026-07-31,2829.0,3158.0,4769.0,2889.0,2576.0
2026-08-31,2824.0,3269.0,4756.0,2890.0,2536.0
