zip,borough,zori,zori_1y_ago,zori_5y_ago,zori_feb2020,yoy_pct,5y_pct,vs_feb2020_pct,safmr_0br,safmr_1br,safmr_2br,safmr_3br,safmr_4br
10001,Manhattan,5706.0,5452.0,4373.0,4129.0,4.6,30.5,38.2,3800.0,3990.0,4370.0,5470.0,5950.0
10002,Manhattan,4756.0,4413.0,3479.0,3476.0,7.8,36.7,36.8,2170.0,2260.0,2510.0,3120.0,3370.0
10003,Manhattan,5267.0,4893.0,3609.0,3596.0,7.6,45.9,46.4,3800.0,3990.0,4370.0,5470.0,5950.0
10004,Manhattan,5000.0,4673.0,3577.0,3489.0,7.0,39.8,43.3,3120.0,3270.0,3590.0,4500.0,4880.0
10005,Manhattan,4724.0,4419.0,3517.0,3521.0,6.9,34.3,34.2,3250.0,3400.0,3760.0,4680.0,5050.0
10006,Manhattan,4995.0,4636.0,3622.0,,7.7,37.9,,3250.0,3400.0,3760.0,4680.0,5050.0
10007,Manhattan,8761.0,8449.0,6372.0,5908.0,3.7,37.5,48.3,3120.0,3270.0,3590.0,4500.0,4880.0
10008,Manhattan,,,,,,,,3120.0,3270.0,3590.0,4500.0,4880.0
10009,Manhattan,5031.0,4699.0,3536.0,3471.0,7.1,42.2,44.9,2700.0,2840.0,3110.0,3890.0,4230.0
10010,Manhattan,5398.0,5121.0,3855.0,3847.0,5.4,40.0,40.3,3270.0,3430.0,3760.0,4710.0,5120.0
10011,Manhattan,5898.0,5613.0,4094.0,4009.0,5.1,44.1,47.1,3800.0,3990.0,4370.0,5470.0,5950.0
10012,Manhattan,5274.0,4882.0,3542.0,3499.0,8.0,48.9,50.7,3800.0,3990.0,4370.0,5470.0,5950.0
10013,Manhattan,6500.0,6027.0,4413.0,4321.0,7.8,47.3,50.4,3800.0,3990.0,4370.0,5470.0,5950.0
10014,Manhattan,6169.0,5700.0,4028.0,3965.0,8.2,53.2,55.6,3800.0,3990.0,4370.0,5470.0,5950.0
10015,Manhattan,,,,,,,,,,,,
10016,Manhattan,5225.0,4956.0,3781.0,3768.0,5.4,38.2,38.7,3800.0,3990.0,4370.0,5470.0,5950.0
10017,Manhattan,4534.0,4289.0,3244.0,3250.0,5.7,39.8,39.5,3800.0,3990.0,4370.0,5470.0,5950.0
10018,Manhattan,5155.0,5016.0,3943.0,3835.0,2.8,30.7,34.4,3690.0,3880.0,4240.0,5310.0,5780.0
10019,Manhattan,4875.0,4660.0,3545.0,3563.0,4.6,37.5,36.8,3550.0,3720.0,4080.0,5110.0,5550.0
10020,Manhattan,,,,,,,,3120.0,3270.0,3590.0,4500.0,4880.0
10021,Manhattan,4172.0,3872.0,2690.0,2843.0,7.8,55.1,46.7,3800.0,3990.0,4370.0,5470.0,5950.0
10022,Manhattan,5092.0,4806.0,3479.0,3610.0,5.9,46.4,41.1,3800.0,3990.0,4370.0,5470.0,5950.0
10023,Manhattan,4939.0,4705.0,3433.0,3467.0,5.0,43.9,42.5,3800.0,3990.0,4370.0,5470.0,5950.0
10024,Manhattan,4502.0,4208.0,3009.0,3061.0,7.0,49.6,47.1,3800.0,3990.0,4370.0,5470.0,5950.0
10025,Manhattan,4748.0,4523.0,3399.0,3440.0,5.0,39.7,38.0,2660.0,2790.0,3060.0,3830.0,4160.0
10026,Manhattan,3678.0,3522.0,2652.0,2689.0,4.4,38.7,36.8,2670.0,2800.0,3070.0,3840.0,4180.0
10027,Manhattan,3918.0,3792.0,2843.0,2917.0,3.3,37.8,34.3,2350.0,2460.0,2700.0,3380.0,3670.0
10028,Manhattan,4019.0,3774.0,2665.0,2784.0,6.5,50.8,44.3,3800.0,3990.0,4370.0,5470.0,5950.0
10029,Manhattan,3562.0,3368.0,2542.0,2737.0,5.7,40.1,30.2,2170.0,2260.0,2510.0,3120.0,3370.0
10030,Manhattan,3028.0,2848.0,2186.0,2231.0,6.3,38.5,35.7,2170.0,2260.0,2510.0,3120.0,3370.0
10031,Manhattan,3200.0,3055.0,2307.0,2365.0,4.8,38.7,35.3,2380.0,2500.0,2740.0,3430.0,3730.0
10032,Manhattan,3126.0,2982.0,2287.0,2362.0,4.9,36.7,32.3,2170.0,2260.0,2510.0,3120.0,3370.0
10033,Manhattan,3204.0,3014.0,2316.0,2388.0,6.3,38.3,34.2,2260.0,2370.0,2600.0,3260.0,3540.0
10034,Manhattan,2582.0,2529.0,1952.0,1997.0,2.1,32.3,29.3,2400.0,2520.0,2760.0,3460.0,3760.0
10035,Manhattan,3315.0,3104.0,2475.0,2553.0,6.8,33.9,29.8,2220.0,2340.0,2560.0,3210.0,3480.0
10036,Manhattan,4752.0,4569.0,3511.0,3494.0,4.0,35.4,36.0,3510.0,3690.0,4040.0,5060.0,5500.0
10037,Manhattan,2856.0,2770.0,2173.0,2260.0,3.1,31.4,26.4,2240.0,2350.0,2580.0,3230.0,3510.0
10038,Manhattan,5117.0,4779.0,3644.0,3531.0,7.1,40.4,44.9,3800.0,3990.0,4370.0,5470.0,5950.0
10039,Manhattan,3275.0,3081.0,2420.0,,6.3,35.3,,2170.0,2260.0,2510.0,3120.0,3370.0
10040,Manhattan,2813.0,2667.0,2022.0,2072.0,5.5,39.1,35.7,2350.0,2470.0,2710.0,3390.0,3690.0
10041,Manhattan,,,,,,,,3120.0,3270.0,3590.0,4500.0,4880.0
10044,Manhattan,4325.0,4190.0,,,3.2,,,3800.0,3990.0,4370.0,5470.0,5950.0
10045,Manhattan,,,,,,,,3120.0,3270.0,3590.0,4500.0,4880.0
10048,Manhattan,,,,,,,,,,,,
10055,Manhattan,,,,,,,,3120.0,3270.0,3590.0,4500.0,4880.0
10060,Manhattan,,,,,,,,,,,,
10069,Manhattan,6117.0,5887.0,4499.0,4385.0,3.9,36.0,39.5,3800.0,3990.0,4370.0,5470.0,5950.0
10090,Manhattan,,,,,,,,,,,,
10095,Manhattan,,,,,,,,,,,,
10098,Manhattan,,,,,,,,,,,,
10099,Manhattan,,,,,,,,,,,,
10101,Manhattan,,,,,,,,3120.0,3270.0,3590.0,4500.0,4880.0
10103,Manhattan,,,,,,,,3120.0,3270.0,3590.0,4500.0,4880.0
10104,Manhattan,,,,,,,,3120.0,3270.0,3590.0,4500.0,4880.0
10105,Manhattan,,,,,,,,3120.0,3270.0,3590.0,4500.0,4880.0
10106,Manhattan,,,,,,,,3120.0,3270.0,3590.0,4500.0,4880.0
10107,Manhattan,,,,,,,,3120.0,3270.0,3590.0,4500.0,4880.0
10108,Manhattan,,,,,,,,3120.0,3270.0,3590.0,4500.0,4880.0
10110,Manhattan,,,,,,,,3120.0,3270.0,3590.0,4500.0,4880.0
10111,Manhattan,,,,,,,,3120.0,3270.0,3590.0,4500.0,4880.0
10112,Manhattan,,,,,,,,3120.0,3270.0,3590.0,4500.0,4880.0
10113,Manhattan,,,,,,,,3120.0,3270.0,3590.0,4500.0,4880.0
10115,Manhattan,,,,,,,,3120.0,3270.0,3590.0,4500.0,4880.0
10116,Manhattan,,,,,,,,3120.0,3270.0,3590.0,4500.0,4880.0
10118,Manhattan,,,,,,,,3120.0,3270.0,3590.0,4500.0,4880.0
10119,Manhattan,,,,,,,,3120.0,3270.0,3590.0,4500.0,4880.0
10120,Manhattan,,,,,,,,3120.0,3270.0,3590.0,4500.0,4880.0
10121,Manhattan,,,,,,,,3120.0,3270.0,3590.0,4500.0,4880.0
10122,Manhattan,,,,,,,,3120.0,3270.0,3590.0,4500.0,4880.0
10123,Manhattan,,,,,,,,3120.0,3270.0,3590.0,4500.0,4880.0
10128,Manhattan,4230.0,3979.0,2805.0,2979.0,6.3,50.8,42.0,3800.0,3990.0,4370.0,5470.0,5950.0
10129,Manhattan,,,,,,,,3120.0,3270.0,3590.0,4500.0,4880.0
10150,Manhattan,,,,,,,,3120.0,3270.0,3590.0,4500.0,4880.0
10151,Manhattan,,,,,,,,3120.0,3270.0,3590.0,4500.0,4880.0
10152,Manhattan,,,,,,,,3800.0,3990.0,4370.0,5470.0,5950.0
10153,Manhattan,,,,,,,,3120.0,3270.0,3590.0,4500.0,4880.0
10154,Manhattan,,,,,,,,3120.0,3270.0,3590.0,4500.0,4880.0
10155,Manhattan,,,,,,,,3120.0,3270.0,3590.0,4500.0,4880.0
10156,Manhattan,,,,,,,,3120.0,3270.0,3590.0,4500.0,4880.0
10158,Manhattan,,,,,,,,3120.0,3270.0,3590.0,4500.0,4880.0
10159,Manhattan,,,,,,,,3120.0,3270.0,3590.0,4500.0,4880.0
10161,Manhattan,,,,,,,,,,,,
10162,Manhattan,7562.0,,,,,,,3450.0,3620.0,3970.0,4970.0,5400.0
10163,Manhattan,,,,,,,,3120.0,3270.0,3590.0,4500.0,4880.0
10165,Manhattan,,,,,,,,3120.0,3270.0,3590.0,4500.0,4880.0
10166,Manhattan,,,,,,,,3120.0,3270.0,3590.0,4500.0,4880.0
10167,Manhattan,,,,,,,,3120.0,3270.0,3590.0,4500.0,4880.0
10168,Manhattan,,,,,,,,3120.0,3270.0,3590.0,4500.0,4880.0
10169,Manhattan,,,,,,,,3120.0,3270.0,3590.0,4500.0,4880.0
10170,Manhattan,,,,,,,,3120.0,3270.0,3590.0,4500.0,4880.0
10171,Manhattan,,,,,,,,3120.0,3270.0,3590.0,4500.0,4880.0
10172,Manhattan,,,,,,,,3120.0,3270.0,3590.0,4500.0,4880.0
10173,Manhattan,,,,,,,,3120.0,3270.0,3590.0,4500.0,4880.0
10174,Manhattan,,,,,,,,3120.0,3270.0,3590.0,4500.0,4880.0
10175,Manhattan,,,,,,,,3120.0,3270.0,3590.0,4500.0,4880.0
10176,Manhattan,,,,,,,,3120.0,3270.0,3590.0,4500.0,4880.0
10177,Manhattan,,,,,,,,3120.0,3270.0,3590.0,4500.0,4880.0
10178,Manhattan,,,,,,,,3120.0,3270.0,3590.0,4500.0,4880.0
10185,Manhattan,,,,,,,,3120.0,3270.0,3590.0,4500.0,4880.0
10199,Manhattan,,,,,,,,3120.0,3270.0,3590.0,4500.0,4880.0
10242,Manhattan,,,,,,,,,,,,
10249,Manhattan,,,,,,,,,,,,
10268,Manhattan,,,,,,,,3120.0,3270.0,3590.0,4500.0,4880.0
10270,Manhattan,,,,,,,,,,,,
10271,Manhattan,,,,,,,,3120.0,3270.0,3590.0,4500.0,4880.0
10272,Manhattan,,,,,,,,3120.0,3270.0,3590.0,4500.0,4880.0
10274,Manhattan,,,,,,,,3120.0,3270.0,3590.0,4500.0,4880.0
10276,Manhattan,,,,,,,,3120.0,3270.0,3590.0,4500.0,4880.0
10278,Manhattan,,,,,,,,3120.0,3270.0,3590.0,4500.0,4880.0
10279,Manhattan,,,,,,,,3120.0,3270.0,3590.0,4500.0,4880.0
10280,Manhattan,5271.0,5025.0,3917.0,3652.0,4.9,34.6,44.3,3120.0,3270.0,3590.0,4500.0,4880.0
10281,Manhattan,,,,,,,,3120.0,3270.0,3590.0,4500.0,4880.0
10282,Manhattan,7513.0,6916.0,,,8.6,,,3250.0,3400.0,3760.0,4680.0,5050.0
10301,Staten Island,2772.0,2677.0,,,3.5,,,2640.0,2770.0,3040.0,3810.0,4140.0
10302,Staten Island,3027.0,,,,,,,2440.0,2560.0,2810.0,3520.0,3820.0
10303,Staten Island,,,,,,,,2470.0,2590.0,2840.0,3560.0,3860.0
10304,Staten Island,2536.0,2525.0,1863.0,,0.5,36.1,,2290.0,2410.0,2640.0,3310.0,3590.0
10305,Staten Island,2664.0,2601.0,,,2.4,,,2290.0,2400.0,2630.0,3290.0,3580.0
10306,Staten Island,2514.0,2479.0,,,1.4,,,2320.0,2440.0,2670.0,3340.0,3630.0
10307,Staten Island,1975.0,,,,,,,2170.0,2260.0,2510.0,3120.0,3370.0
10308,Staten Island,1944.0,,,,,,,2420.0,2540.0,2780.0,3480.0,3780.0
10309,Staten Island,2093.0,1990.0,,,5.2,,,2860.0,3000.0,3290.0,4120.0,4480.0
10310,Staten Island,3179.0,,,,,,,2350.0,2470.0,2710.0,3390.0,3690.0
10311,Staten Island,,,,,,,,2360.0,2480.0,2720.0,3410.0,3700.0
10312,Staten Island,2277.0,2130.0,,,6.9,,,2460.0,2580.0,2830.0,3540.0,3850.0
10313,Staten Island,,,,,,,,2360.0,2480.0,2720.0,3410.0,3700.0
10314,Staten Island,2638.0,2420.0,1853.0,,9.0,42.3,,2510.0,2640.0,2890.0,3620.0,3930.0
10451,Bronx,2957.0,2861.0,,,3.3,,,2170.0,2260.0,2510.0,3120.0,3370.0
10452,Bronx,2516.0,,,,,,,2170.0,2260.0,2510.0,3120.0,3370.0
10453,Bronx,2137.0,,,,,,,2170.0,2260.0,2510.0,3120.0,3370.0
10454,Bronx,3006.0,2888.0,,,4.1,,,2190.0,2300.0,2520.0,3160.0,3430.0
10455,Bronx,,,,,,,,2170.0,2260.0,2510.0,3120.0,3370.0
10456,Bronx,2459.0,,,,,,,2170.0,2260.0,2510.0,3120.0,3370.0
10457,Bronx,2388.0,,,,,,,2200.0,2310.0,2530.0,3170.0,3440.0
10458,Bronx,2864.0,2422.0,1804.0,1722.0,18.2,58.8,66.3,2300.0,2420.0,2650.0,3320.0,3610.0
10459,Bronx,,,,,,,,2170.0,2260.0,2510.0,3120.0,3370.0
10460,Bronx,,,,,,,,2170.0,2260.0,2510.0,3120.0,3370.0
10461,Bronx,2780.0,2499.0,2013.0,1927.0,11.2,38.1,44.2,2620.0,2750.0,3020.0,3780.0,4110.0
10462,Bronx,2528.0,2341.0,1613.0,1541.0,8.0,56.8,64.1,2480.0,2600.0,2850.0,3570.0,3880.0
10463,Bronx,3208.0,3103.0,2462.0,2380.0,3.4,30.3,34.8,2490.0,2610.0,2860.0,3580.0,3890.0
10464,Bronx,,,,,,,,2550.0,2680.0,2940.0,3680.0,4000.0
10465,Bronx,2882.0,2620.0,1952.0,,10.0,47.6,,2640.0,2770.0,3040.0,3810.0,4140.0
10466,Bronx,3237.0,,,,,,,2390.0,2510.0,2750.0,3440.0,3740.0
10467,Bronx,2368.0,2341.0,1648.0,1584.0,1.1,43.7,49.5,2370.0,2490.0,2730.0,3420.0,3710.0
10468,Bronx,2226.0,2057.0,,,8.2,,,2320.0,2440.0,2670.0,3340.0,3630.0
10469,Bronx,3010.0,2873.0,,,4.8,,,2460.0,2580.0,2830.0,3540.0,3850.0
10470,Bronx,,,,,,,,2230.0,2340.0,2570.0,3220.0,3500.0
10471,Bronx,2825.0,,,,,,,2360.0,2480.0,2720.0,3410.0,3700.0
10472,Bronx,2824.0,,,,,,,2280.0,2390.0,2620.0,3280.0,3560.0
10473,Bronx,2885.0,,,,,,,2170.0,2260.0,2510.0,3120.0,3370.0
10474,Bronx,,,,,,,,2170.0,2260.0,2510.0,3120.0,3370.0
10475,Bronx,,,,,,,,2170.0,2260.0,2510.0,3120.0,3370.0
11004,Queens,,,,,,,,2660.0,2790.0,3060.0,3830.0,4160.0
11005,Queens,,,,,,,,3020.0,3170.0,3480.0,4360.0,4730.0
11101,Queens,4394.0,4254.0,3346.0,3242.0,3.3,31.3,35.5,3350.0,3510.0,3850.0,4820.0,5240.0
11102,Queens,3424.0,3288.0,2565.0,2602.0,4.1,33.5,31.6,3360.0,3530.0,3870.0,4850.0,5270.0
11103,Queens,3230.0,3052.0,2239.0,2255.0,5.9,44.3,43.2,3010.0,3160.0,3460.0,4330.0,4710.0
11104,Queens,2852.0,2777.0,1877.0,,2.7,52.0,,2800.0,2940.0,3220.0,4030.0,4380.0
11105,Queens,3125.0,2944.0,2195.0,,6.1,42.3,,3190.0,3350.0,3670.0,4600.0,4990.0
11106,Queens,3213.0,3144.0,2343.0,2453.0,2.2,37.1,31.0,2890.0,3030.0,3320.0,4160.0,4520.0
11109,Queens,4466.0,4331.0,3433.0,3194.0,3.1,30.1,39.8,3350.0,3510.0,3850.0,4820.0,5240.0
11201,Brooklyn,4679.0,4507.0,3489.0,3359.0,3.8,34.1,39.3,3800.0,3990.0,4370.0,5470.0,5950.0
11202,Brooklyn,,,,,,,,2530.0,2650.0,2910.0,3640.0,3960.0
11203,Brooklyn,2899.0,2722.0,2093.0,,6.5,38.5,,2350.0,2460.0,2700.0,3380.0,3670.0
11204,Brooklyn,2496.0,2327.0,,,7.3,,,2430.0,2550.0,2800.0,3510.0,3810.0
11205,Brooklyn,4092.0,3834.0,2855.0,2855.0,6.7,43.3,43.3,3020.0,3170.0,3470.0,4350.0,4720.0
11206,Brooklyn,4076.0,3870.0,2891.0,2936.0,5.3,41.0,38.8,2300.0,2420.0,2650.0,3320.0,3610.0
11207,Brooklyn,3329.0,3100.0,2266.0,2325.0,7.4,46.9,43.2,2230.0,2340.0,2570.0,3220.0,3500.0
11208,Brooklyn,3300.0,2758.0,,,19.7,,,2330.0,2440.0,2680.0,3360.0,3650.0
11209,Brooklyn,2862.0,2741.0,2094.0,2097.0,4.4,36.6,36.5,2820.0,2960.0,3240.0,4060.0,4410.0
11210,Brooklyn,2943.0,2806.0,2239.0,2268.0,4.9,31.4,29.7,2430.0,2550.0,2800.0,3510.0,3810.0
11211,Brooklyn,5020.0,4785.0,3516.0,3417.0,4.9,42.8,46.9,3140.0,3290.0,3610.0,4520.0,4910.0
11212,Brooklyn,2727.0,2496.0,,,9.3,,,2170.0,2260.0,2510.0,3120.0,3370.0
11213,Brooklyn,3158.0,3021.0,2301.0,2373.0,4.5,37.3,33.1,2440.0,2560.0,2810.0,3520.0,3820.0
11214,Brooklyn,2709.0,2641.0,2021.0,2004.0,2.6,34.1,35.2,2440.0,2560.0,2810.0,3520.0,3820.0
11215,Brooklyn,4310.0,4055.0,2950.0,2956.0,6.3,46.1,45.8,3800.0,3990.0,4370.0,5470.0,5950.0
11216,Brooklyn,3633.0,3450.0,2576.0,2531.0,5.3,41.0,43.5,3190.0,3350.0,3670.0,4600.0,4990.0
11217,Brooklyn,4448.0,4259.0,3126.0,2988.0,4.5,42.3,48.9,3800.0,3990.0,4370.0,5470.0,5950.0
11218,Brooklyn,3347.0,3286.0,2503.0,2444.0,1.9,33.7,36.9,2770.0,2910.0,3190.0,3990.0,4340.0
11219,Brooklyn,2872.0,,,,,,,2330.0,2440.0,2680.0,3360.0,3650.0
11220,Brooklyn,2881.0,2724.0,2072.0,2091.0,5.8,39.1,37.8,2250.0,2360.0,2590.0,3240.0,3520.0
11221,Brooklyn,3650.0,3434.0,2556.0,2587.0,6.3,42.8,41.1,2750.0,2880.0,3160.0,3960.0,4300.0
11222,Brooklyn,4829.0,4640.0,3324.0,3179.0,4.1,45.3,51.9,3460.0,3630.0,3980.0,4980.0,5420.0
11223,Brooklyn,2537.0,2411.0,1842.0,,5.3,37.7,,2500.0,2630.0,2880.0,3610.0,3920.0
11224,Brooklyn,3362.0,3234.0,,,3.9,,,2170.0,2260.0,2510.0,3120.0,3370.0
11225,Brooklyn,3403.0,3208.0,2445.0,2480.0,6.1,39.2,37.2,2520.0,2650.0,2900.0,3630.0,3950.0
11226,Brooklyn,3065.0,2940.0,2375.0,2359.0,4.2,29.1,29.9,2430.0,2550.0,2800.0,3510.0,3810.0
11228,Brooklyn,3041.0,3045.0,1998.0,,-0.1,52.2,,2430.0,2550.0,2800.0,3510.0,3810.0
11229,Brooklyn,2654.0,2494.0,1790.0,1682.0,6.4,48.3,57.8,2490.0,2610.0,2860.0,3580.0,3890.0
11230,Brooklyn,2807.0,2767.0,2274.0,2248.0,1.4,23.4,24.9,2650.0,2780.0,3050.0,3820.0,4150.0
11231,Brooklyn,4637.0,4176.0,2862.0,2742.0,11.0,62.0,69.1,3800.0,3990.0,4370.0,5470.0,5950.0
11232,Brooklyn,3146.0,3129.0,2273.0,,0.5,38.4,,2490.0,2610.0,2860.0,3580.0,3890.0
11233,Brooklyn,3269.0,3126.0,2301.0,2315.0,4.6,42.1,41.2,2370.0,2490.0,2730.0,3420.0,3710.0
11234,Brooklyn,2848.0,2718.0,,,4.8,,,2520.0,2650.0,2900.0,3630.0,3950.0
11235,Brooklyn,2590.0,2523.0,2004.0,1975.0,2.6,29.3,31.1,2480.0,2600.0,2850.0,3570.0,3880.0
11236,Brooklyn,2897.0,2525.0,,,14.7,,,2440.0,2560.0,2810.0,3520.0,3820.0
11237,Brooklyn,3826.0,3618.0,2678.0,2767.0,5.8,42.9,38.3,2620.0,2750.0,3020.0,3780.0,4110.0
11238,Brooklyn,4202.0,4006.0,3027.0,2957.0,4.9,38.8,42.1,3610.0,3790.0,4160.0,5210.0,5660.0
11239,Brooklyn,,,,,,,,2170.0,2260.0,2510.0,3120.0,3370.0
11240,Brooklyn,,,,,,,,,,,,
11241,Brooklyn,,,,,,,,2530.0,2650.0,2910.0,3640.0,3960.0
11242,Brooklyn,,,,,,,,2530.0,2650.0,2910.0,3640.0,3960.0
11243,Brooklyn,,,,,,,,2530.0,2650.0,2910.0,3640.0,3960.0
11247,Brooklyn,,,,,,,,2530.0,2650.0,2910.0,3640.0,3960.0
11249,Brooklyn,5649.0,5535.0,4032.0,3764.0,2.1,40.1,50.1,2990.0,3140.0,3440.0,4310.0,4680.0
11252,Brooklyn,,,,,,,,2530.0,2650.0,2910.0,3640.0,3960.0
11256,Brooklyn,,,,,,,,2530.0,2650.0,2910.0,3640.0,3960.0
11351,Queens,,,,,,,,2600.0,2730.0,2990.0,3740.0,4070.0
11352,Queens,,,,,,,,2600.0,2730.0,2990.0,3740.0,4070.0
11354,Queens,2703.0,2641.0,2043.0,1988.0,2.4,32.3,35.9,2620.0,2750.0,3020.0,3780.0,4110.0
11355,Queens,2784.0,2772.0,2118.0,2158.0,0.4,31.4,29.0,2620.0,2750.0,3010.0,3770.0,4100.0
11356,Queens,2674.0,2353.0,,,13.7,,,2820.0,2960.0,3250.0,4070.0,4420.0
11357,Queens,3015.0,2742.0,,,10.0,,,2950.0,3090.0,3390.0,4250.0,4610.0
11358,Queens,2562.0,2420.0,,,5.9,,,2810.0,2950.0,3230.0,4040.0,4390.0
11359,Queens,,,,,,,,2600.0,2730.0,2990.0,3740.0,4070.0
11360,Queens,3122.0,,,,,,,3190.0,3350.0,3670.0,4600.0,4990.0
11361,Queens,2849.0,2720.0,2033.0,,4.8,40.1,,3130.0,3280.0,3600.0,4510.0,4900.0
11362,Queens,,,,,,,,3400.0,3570.0,3910.0,4900.0,5320.0
11363,Queens,,,,,,,,3110.0,3270.0,3580.0,4480.0,4870.0
11364,Queens,2752.0,2711.0,,,1.5,,,3070.0,3220.0,3530.0,4420.0,4800.0
11365,Queens,2640.0,2754.0,,,-4.1,,,2360.0,2480.0,2720.0,3410.0,3700.0
11366,Queens,,,,,,,,2710.0,2850.0,3120.0,3910.0,4240.0
11367,Queens,2644.0,,,,,,,2370.0,2490.0,2730.0,3420.0,3710.0
11368,Queens,,,,,,,,2690.0,2830.0,3100.0,3880.0,4220.0
11369,Queens,2833.0,,,,,,,2660.0,2790.0,3060.0,3830.0,4160.0
11370,Queens,3089.0,,,,,,,2770.0,2910.0,3190.0,3990.0,4340.0
11371,Queens,,,,,,,,2600.0,2730.0,2990.0,3740.0,4070.0
11372,Queens,2670.0,2628.0,2107.0,,1.6,26.7,,2690.0,2830.0,3100.0,3880.0,4220.0
11373,Queens,2824.0,2664.0,2113.0,,6.0,33.6,,2750.0,2890.0,3170.0,3970.0,4310.0
11374,Queens,3056.0,2954.0,2226.0,2270.0,3.4,37.3,34.6,3130.0,3280.0,3600.0,4510.0,4900.0
11375,Queens,3163.0,2994.0,2190.0,2241.0,5.6,44.4,41.1,3170.0,3330.0,3650.0,4570.0,4970.0
11377,Queens,3068.0,2991.0,2184.0,,2.5,40.5,,2620.0,2750.0,3020.0,3780.0,4110.0
11378,Queens,2659.0,2419.0,,,9.9,,,2690.0,2820.0,3090.0,3870.0,4200.0
11379,Queens,2697.0,2431.0,1935.0,,10.9,39.4,,2820.0,2960.0,3240.0,4060.0,4410.0
11380,Queens,,,,,,,,2600.0,2730.0,2990.0,3740.0,4070.0
11385,Queens,3453.0,3262.0,2398.0,2482.0,5.9,44.0,39.1,2570.0,2700.0,2960.0,3710.0,4030.0
11386,Queens,,,,,,,,2600.0,2730.0,2990.0,3740.0,4070.0
11411,Queens,,,,,,,,2250.0,2360.0,2590.0,3240.0,3520.0
11412,Queens,,,,,,,,2240.0,2350.0,2580.0,3230.0,3510.0
11413,Queens,3233.0,,,,,,,2710.0,2850.0,3120.0,3910.0,4240.0
11414,Queens,,,,,,,,2690.0,2820.0,3090.0,3870.0,4200.0
11415,Queens,2563.0,2290.0,1706.0,,11.9,50.2,,2790.0,2930.0,3210.0,4020.0,4370.0
11416,Queens,2900.0,,,,,,,2550.0,2670.0,2930.0,3670.0,3990.0
11417,Queens,,,,,,,,2550.0,2670.0,2930.0,3670.0,3990.0
11418,Queens,2813.0,2631.0,,,6.9,,,2620.0,2750.0,3010.0,3770.0,4100.0
11419,Queens,,,,,,,,2700.0,2840.0,3110.0,3890.0,4230.0
11420,Queens,,,,,,,,2740.0,2870.0,3150.0,3940.0,4290.0
11421,Queens,2879.0,,,,,,,2680.0,2810.0,3080.0,3860.0,4190.0
11422,Queens,,,,,,,,3010.0,3160.0,3460.0,4330.0,4710.0
11423,Queens,,,,,,,,2260.0,2370.0,2600.0,3260.0,3540.0
11424,Queens,,,,,,,,2600.0,2730.0,2990.0,3740.0,4070.0
11426,Queens,3208.0,,,,,,,2890.0,3040.0,3330.0,4170.0,4530.0
11427,Queens,,,,,,,,2300.0,2420.0,2650.0,3320.0,3610.0
11428,Queens,,,,,,,,2420.0,2540.0,2780.0,3480.0,3780.0
11429,Queens,,,,,,,,2260.0,2370.0,2600.0,3260.0,3540.0
11430,Queens,,,,,,,,2390.0,2550.0,2810.0,3540.0,3830.0
11431,Queens,,,,,,,,2600.0,2730.0,2990.0,3740.0,4070.0
11432,Queens,2715.0,2512.0,2138.0,1996.0,8.1,27.0,36.0,2750.0,2890.0,3170.0,3970.0,4310.0
11433,Queens,3015.0,2717.0,,,11.0,,,2270.0,2380.0,2610.0,3270.0,3550.0
11434,Queens,,,,,,,,2170.0,2260.0,2510.0,3120.0,3370.0
11435,Queens,2410.0,2348.0,1864.0,1745.0,2.6,29.3,38.0,2550.0,2680.0,2940.0,3680.0,4000.0
11436,Queens,,,,,,,,2780.0,2920.0,3200.0,4010.0,4350.0
11690,Queens,,,,,,,,,,,,
11691,Queens,3428.0,,,,,,,2540.0,2660.0,2920.0,3660.0,3970.0
11692,Queens,3159.0,,,,,,,2170.0,2260.0,2510.0,3120.0,3370.0
11693,Queens,,,,,,,,2170.0,2260.0,2510.0,3120.0,3370.0
11694,Queens,,,,,,,,2350.0,2470.0,2710.0,3390.0,3690.0
11695,Queens,,,,,,,,,,,,
11697,Queens,,,,,,,,2350.0,2470.0,2710.0,3390.0,3690.0
