se_neighborhood,ntaname,nta2020
Astoria,Astoria (North)-Ditmars-Steinway,QN0101
Astoria,Old Astoria-Hallets Point,QN0102
Astoria,Astoria (Central),QN0103
Astoria,Astoria (East)-Woodside (North),QN0104
Auburndale,Auburndale,QN1101
Bath Beach,Bath Beach,BK1102
Battery Park City,Financial District-Battery Park City,MN0101
Bay Ridge,Bay Ridge,BK1001
Baychester,Eastchester-Edenwald-Baychester,BX1202
Bayside,Bayside,QN1102
Bedford Park,Bedford Park,BX0702
Bedford-Stuyvesant,Bedford-Stuyvesant (West),BK0301
Bedford-Stuyvesant,Bedford-Stuyvesant (East),BK0302
Bellerose,Bellerose,QN1302
Belmont,Belmont,BX0603
Bensonhurst,Bensonhurst,BK1101
Bergen Beach,Marine Park-Mill Basin-Bergen Beach,BK1802
Boerum Hill,Downtown Brooklyn-DUMBO-Boerum Hill,BK0202
Borough Park,Sunset Park (East)-Borough Park (West),BK1201
Borough Park,Borough Park,BK1202
Briarwood,Jamaica Hills-Briarwood,QN0805
Brighton Beach,Brighton Beach,BK1303
Bronxwood,Williamsbridge-Olinville,BX1201
Brooklyn Heights,Brooklyn Heights,BK0201
Brookville,Springfield Gardens (South)-Brookville,QN1306
Brownsville,Brownsville,BK1602
Bushwick,Bushwick (West),BK0401
Bushwick,Bushwick (East),BK0402
Cambria Heights,Cambria Heights,QN1304
Canarsie,Canarsie,BK1803
Carroll Gardens,Carroll Gardens-Cobble Hill-Gowanus-Red Hook,BK0601
Castle Hill,Castle Hill-Unionport,BX0903
Central Harlem,Harlem (North),MN1002
Central Harlem,Harlem (South),MN1001
Central Park South,Midtown-Times Square,MN0502
Chelsea,Chelsea-Hudson Yards,MN0401
Chinatown,Chinatown-Two Bridges,MN0301
City Island,Pelham Bay-Country Club-City Island,BX1003
Civic Center,Tribeca-Civic Center,MN0102
Clearview,Bay Terrace-Clearview,QN0703
Clinton Hill,Clinton Hill,BK0204
Co-op City,Co-op City,BX1004
Cobble Hill,Carroll Gardens-Cobble Hill-Gowanus-Red Hook,BK0601
College Point,College Point,QN0701
Columbia St Waterfront District,Carroll Gardens-Cobble Hill-Gowanus-Red Hook,BK0601
Concourse,Concourse-Concourse Village,BX0401
Coney Island,Coney Island-Sea Gate,BK1302
Corona,Corona,QN0402
Country Club,Pelham Bay-Country Club-City Island,BX1003
Crotona Park East,Crotona Park East,BX0303
Crown Heights,Crown Heights (North),BK0802
Crown Heights,Crown Heights (South),BK0901
DUMBO,Downtown Brooklyn-DUMBO-Boerum Hill,BK0202
Ditmas Park,Flatbush (West)-Ditmas Park-Parkville,BK1402
Douglaston,Douglaston-Little Neck,QN1103
Downtown Brooklyn,Downtown Brooklyn-DUMBO-Boerum Hill,BK0202
Dyker Heights,Dyker Heights,BK1002
East Elmhurst,East Elmhurst,QN0302
East Flatbush,East Flatbush-Erasmus,BK1701
East Flatbush,East Flatbush-Farragut,BK1702
East Flatbush,East Flatbush-Rugby,BK1703
East Flatbush,East Flatbush-Remsen Village,BK1704
East Harlem,East Harlem (South),MN1101
East Harlem,East Harlem (North),MN1102
East New York,East New York (North),BK0502
East New York,East New York-New Lots,BK0503
East New York,East New York-City Line,BK0505
East Tremont,West Farms,BX0601
East Village,East Village,MN0303
Eastchester,Eastchester-Edenwald-Baychester,BX1202
Edenwald,Eastchester-Edenwald-Baychester,BX1202
Elmhurst,Elmhurst,QN0401
Financial District,Financial District-Battery Park City,MN0101
Flatbush,Flatbush,BK1401
Flatbush,Flatbush (West)-Ditmas Park-Parkville,BK1402
Flatiron,Midtown South-Flatiron-Union Square,MN0501
Flatlands,Flatlands,BK1801
Floral Park,Glen Oaks-Floral Park-New Hyde Park,QN1301
Flushing,Murray Hill-Broadway Flushing,QN0704
Flushing,East Flushing,QN0705
Flushing,Flushing-Willets Point,QN0707
Fordham,Fordham Heights,BX0503
Fordham,University Heights (North)-Fordham,BX0701
Forest Hills,Forest Hills,QN0602
Fort Greene,Fort Greene,BK0203
Fresh Meadows,Fresh Meadows-Utopia,QN0803
Gerritsen Beach,Sheepshead Bay-Manhattan Beach-Gerritsen Beach,BK1503
Glen Oaks,Glen Oaks-Floral Park-New Hyde Park,QN1301
Glendale,Glendale,QN0503
Gowanus,Carroll Gardens-Cobble Hill-Gowanus-Red Hook,BK0601
Gramercy Park,Gramercy,MN0602
Gravesend,Gravesend (West),BK1103
Gravesend,Gravesend (South),BK1301
Gravesend,Gravesend (East)-Homecrest,BK1501
Greenpoint,Greenpoint,BK0101
Greenwich Village,Greenwich Village,MN0202
Greenwood,Sunset Park (West),BK0702
Hamilton Heights,Hamilton Heights-Sugar Hill,MN0903
Highbridge,Highbridge,BX0402
Hillcrest,Pomonok-Electchester-Hillcrest,QN0802
Hollis,Hollis,QN1206
Howard Beach,Howard Beach-Lindenwood,QN1003
Hunts Point,Hunts Point,BX0201
Inwood,Inwood,MN1203
Jackson Heights,Jackson Heights,QN0301
Jamaica,Jamaica,QN1201
Jamaica Estates,Jamaica Estates-Holliswood,QN0804
Jamaica Hills,Jamaica Hills-Briarwood,QN0805
Kensington,Kensington,BK1203
Kew Gardens,Kew Gardens,QN0901
Kew Gardens Hills,Kew Gardens Hills,QN0801
Kingsbridge,Kingsbridge Heights-Van Cortlandt Village,BX0801
Kingsbridge,Kingsbridge-Marble Hill,BX0802
Laconia,Williamsbridge-Olinville,BX1201
Laurelton,Laurelton,QN1305
Little Italy,SoHo-Little Italy-Hudson Square,MN0201
Little Neck,Douglaston-Little Neck,QN1103
Long Island City,Long Island City-Hunters Point,QN0201
Longwood,Longwood,BX0202
Lower East Side,Lower East Side,MN0302
Manhattan Beach,Sheepshead Bay-Manhattan Beach-Gerritsen Beach,BK1503
Marble Hill,Kingsbridge-Marble Hill,BX0802
Marine Park,Marine Park-Mill Basin-Bergen Beach,BK1802
Maspeth,Maspeth,QN0501
Melrose,Melrose,BX0102
Middle Village,Middle Village,QN0504
Midtown,Midtown-Times Square,MN0502
Midtown East,East Midtown-Turtle Bay,MN0604
Midtown East,Murray Hill-Kips Bay,MN0603
Midtown South,Midtown South-Flatiron-Union Square,MN0501
Midtown West,Hell's Kitchen,MN0402
Midwood,Mapleton-Midwood (West),BK1204
Midwood,Midwood,BK1403
Mill Basin,Marine Park-Mill Basin-Bergen Beach,BK1802
Morningside Heights,Morningside Heights,MN0901
Morris Heights,University Heights (South)-Morris Heights,BX0501
Morris Park,Morris Park,BX1102
Morrisania,Morrisania,BX0301
Mott Haven,Mott Haven-Port Morris,BX0101
New Hyde Park,Glen Oaks-Floral Park-New Hyde Park,QN1301
Nolita,SoHo-Little Italy-Hudson Square,MN0201
North Corona,North Corona,QN0303
Norwood,Norwood,BX0703
Oakland Gardens,Oakland Gardens-Hollis Hills,QN1104
Old Mill Basin,Marine Park-Mill Basin-Bergen Beach,BK1802
Ozone Park,Ozone Park (North),QN0904
Ozone Park,Ozone Park,QN1002
Park Slope,Park Slope,BK0602
Parkchester,Parkchester,BX0904
Pelham Bay,Pelham Bay-Country Club-City Island,BX1003
Pelham Gardens,Pelham Gardens,BX1103
Pelham Parkway,Pelham Parkway-Van Nest,BX1101
Pomonok,Pomonok-Electchester-Hillcrest,QN0802
Port Morris,Mott Haven-Port Morris,BX0101
Prospect Heights,Prospect Heights,BK0801
Prospect Lefferts Gardens,Prospect Lefferts Gardens-Wingate,BK0902
Prospect Park South,Flatbush,BK1401
Queens Village,Queens Village,QN1303
Red Hook,Carroll Gardens-Cobble Hill-Gowanus-Red Hook,BK0601
Rego Park,Rego Park,QN0601
Richmond Hill,Richmond Hill,QN0902
Ridgewood,Ridgewood,QN0502
Riverdale,Riverdale-Spuyten Duyvil,BX0803
Rockaway All,Rockaway Beach-Arverne-Edgemere,QN1402
Rockaway All,Far Rockaway-Bayswater,QN1401
Rockaway All,Breezy Point-Belle Harbor-Rockaway Park-Broad Channel,QN1403
Roosevelt Island,Upper East Side-Lenox Hill-Roosevelt Island,MN0801
Rosedale,Rosedale,QN1307
Schuylerville,Throgs Neck-Schuylerville,BX1002
Seagate,Coney Island-Sea Gate,BK1302
Sheepshead Bay,Sheepshead Bay-Manhattan Beach-Gerritsen Beach,BK1503
Soho,SoHo-Little Italy-Hudson Square,MN0201
Soundview,Soundview-Bruckner-Bronx River,BX0901
Soundview,Soundview-Clason Point,BX0902
South Jamaica,South Jamaica,QN1202
South Ozone Park,South Ozone Park,QN1001
South Richmond Hill,South Richmond Hill,QN0903
Springfield Gardens,Springfield Gardens (North)-Rochdale Village,QN1204
Springfield Gardens,Springfield Gardens (South)-Brookville,QN1306
St. Albans,St. Albans,QN1205
Stuyvesant Town/PCV,Stuyvesant Town-Peter Cooper Village,MN0601
Sunnyside,Sunnyside,QN0202
Sunset Park,Sunset Park (West),BK0702
Sunset Park,Sunset Park (Central),BK0703
Sunset Park,Sunset Park (East)-Borough Park (West),BK1201
Throgs Neck,Throgs Neck-Schuylerville,BX1002
Tremont,Tremont,BX0602
Tribeca,Tribeca-Civic Center,MN0102
University Heights,University Heights (South)-Morris Heights,BX0501
University Heights,University Heights (North)-Fordham,BX0701
Upper East Side,Upper East Side-Lenox Hill-Roosevelt Island,MN0801
Upper East Side,Upper East Side-Carnegie Hill,MN0802
Upper East Side,Upper East Side-Yorkville,MN0803
Upper West Side,Upper West Side-Lincoln Square,MN0701
Upper West Side,Upper West Side (Central),MN0702
Upper West Side,Upper West Side-Manhattan Valley,MN0703
Utopia,Fresh Meadows-Utopia,QN0803
Van Nest,Pelham Parkway-Van Nest,BX1101
Wakefield,Wakefield-Woodlawn,BX1203
Washington Heights,Washington Heights (South),MN1201
Washington Heights,Washington Heights (North),MN1202
West Harlem,Manhattanville-West Harlem,MN0902
West Village,West Village,MN0203
Westchester Village,Westchester Square,BX1001
Whitestone,Whitestone-Beechhurst,QN0702
Williamsbridge,Williamsbridge-Olinville,BX1201
Williamsburg,Williamsburg,BK0102
Williamsburg,South Williamsburg,BK0103
Williamsburg,East Williamsburg,BK0104
Windsor Terrace,Windsor Terrace-South Slope,BK0701
Woodhaven,Woodhaven,QN0905
Woodlawn,Wakefield-Woodlawn,BX1203
Woodside,Astoria (East)-Woodside (North),QN0104
Woodside,Woodside,QN0203
Woodstock,Morrisania,BX0301
