precinct,nta,share_of_precinct_residents,share_of_nta_area
1,MN0101,0.5212,0.9261
1,MN0102,0.2351,0.762
1,MN0201,0.2334,0.6289
1,MN0202,0.0,0.0
1,MN0203,0.0103,0.0257
5,MN0101,0.0186,0.0198
5,MN0102,0.123,0.238
5,MN0201,0.2307,0.3711
5,MN0202,0.0,0.0
5,MN0301,0.4655,0.6299
5,MN0302,0.1621,0.1468
5,MN0303,0.0,0.0
6,MN0201,0.0,0.0
6,MN0202,0.45,0.7636
6,MN0203,0.55,0.9743
6,MN0401,0.0,0.0
6,MN0501,0.0,0.0
7,MN0301,0.2245,0.3701
7,MN0302,0.7721,0.8522
7,MN0303,0.0034,0.0029
9,MN0201,0.0,0.0
9,MN0202,0.105,0.2364
9,MN0302,0.0,0.0
9,MN0303,0.8949,0.9951
9,MN0601,0.0001,0.0004
9,MN0602,0.0,0.0
10,MN0203,0.0,0.0
10,MN0401,0.8965,0.8344
10,MN0402,0.0709,0.0986
10,MN0501,0.0326,0.0466
13,MN0202,0.0,0.0
13,MN0203,0.0,0.0
13,MN0303,0.0,0.0
13,MN0401,0.0613,0.094
13,MN0501,0.2453,0.5783
13,MN0601,0.219,0.9986
13,MN0602,0.2916,1.0
13,MN0603,0.1828,0.3182
14,MN0401,0.0888,0.0715
14,MN0402,0.0754,0.0907
14,MN0501,0.2953,0.3654
14,MN0502,0.4465,0.3971
14,MN0603,0.0655,0.0598
14,MN0604,0.0286,0.0449
17,MN0501,0.0063,0.0096
17,MN0502,0.0246,0.0269
17,MN0603,0.5518,0.6204
17,MN0604,0.4172,0.806
17,MN0801,0.0001,0.0001
18,MN0402,0.4419,0.8107
18,MN0502,0.4246,0.576
18,MN0604,0.062,0.1485
18,MN0701,0.0715,0.0795
19,MN0502,0.0,0.0
19,MN0604,0.0001,0.0006
19,MN0801,0.2384,0.7064
19,MN0802,0.4264,1.0
19,MN0803,0.335,0.9915
19,MN1101,0.0,0.0001
20,MN0402,0.0,0.0
20,MN0701,0.5847,0.9205
20,MN0702,0.4153,0.5168
22,MN0502,0.0013,0.0
22,MN0701,0.0017,0.0
22,MN0702,0.0018,0.0
22,MN0703,0.0016,0.0
22,MN0802,0.0004,0.0
22,MN1001,0.9928,0.0
22,MN1101,0.0004,0.0
23,MN0802,0.0,0.0
23,MN0803,0.0,0.0
23,MN1001,0.0,0.0
23,MN1101,0.871,0.9999
23,MN1102,0.129,0.1843
24,MN0702,0.4113,0.4832
24,MN0703,0.5887,1.0
24,MN0901,0.0,0.0
25,MN0803,0.0144,0.0085
25,MN1001,0.0,0.0
25,MN1002,0.0,0.0
25,MN1102,0.9856,0.812
26,MN0703,0.0,0.0
26,MN0901,0.685,1.0
26,MN0902,0.3098,0.7261
26,MN0903,0.0052,0.0071
26,MN1001,0.0,0.0
26,MN1002,0.0,0.0
28,MN0703,0.0,0.0
28,MN0901,0.0,0.0
28,MN0902,0.0,0.0
28,MN1001,0.9538,1.0
28,MN1002,0.0456,0.0358
28,MN1102,0.0005,0.0006
30,MN0902,0.1372,0.2739
30,MN0903,0.8607,0.9929
30,MN1002,0.0,0.0
30,MN1201,0.0021,0.0018
32,MN0902,0.0,0.0
32,MN0903,0.0,0.0
32,MN1002,0.9978,0.964
32,MN1102,0.0022,0.0031
33,MN0903,0.0,0.0
33,MN1002,0.0002,0.0002
33,MN1201,0.9513,0.9781
33,MN1202,0.0485,0.0451
34,MN1201,0.0148,0.0201
34,MN1202,0.7739,0.9549
34,MN1203,0.2113,1.0
40,BX0101,0.5926,1.0
40,BX0102,0.3575,0.9951
40,BX0201,0.0,0.0
40,BX0202,0.0,0.0
40,BX0301,0.0,0.0
40,BX0401,0.0499,0.0841
41,BX0101,0.0,0.0
41,BX0102,0.0,0.0
41,BX0201,0.3114,1.0
41,BX0202,0.6131,0.9316
41,BX0301,0.0119,0.0144
41,BX0303,0.0499,0.0821
41,BX0901,0.0137,0.0105
42,BX0102,0.0018,0.0049
42,BX0202,0.023,0.0684
42,BX0301,0.4168,0.9856
42,BX0302,0.2733,0.9265
42,BX0303,0.2553,0.8196
42,BX0401,0.0247,0.0396
42,BX0403,0.0,0.0
42,BX0601,0.005,0.0257
42,BX0602,0.0,0.0
43,BX0201,0.0,0.0
43,BX0303,0.019,0.098
43,BX0601,0.0101,0.0829
43,BX0901,0.4072,0.9763
43,BX0902,0.1916,1.0
43,BX0903,0.2311,0.8544
43,BX0904,0.1091,1.0
43,BX1001,0.0318,0.2699
43,BX1101,0.0,0.0
44,BX0101,0.0,0.0
44,BX0102,0.0,0.0
44,BX0301,0.0,0.0
44,BX0302,0.0118,0.0534
44,BX0401,0.409,0.8762
44,BX0402,0.2759,1.0
44,BX0403,0.2933,1.0
44,BX0501,0.0091,0.0196
44,BX0502,0.0009,0.0032
45,BX0903,0.0685,0.1456
45,BX0904,0.0,0.0
45,BX1001,0.1396,0.6813
45,BX1002,0.3823,1.0
45,BX1003,0.1555,1.0
45,BX1004,0.2516,0.9586
45,BX1101,0.0,0.0
45,BX1102,0.0,0.0
45,BX1202,0.0025,0.0037
46,BX0302,0.0002,0.001
46,BX0501,0.5276,0.9804
46,BX0502,0.2746,0.8893
46,BX0503,0.1818,0.9645
46,BX0603,0.0,0.0
46,BX0701,0.0157,0.0369
47,BX0703,0.0,0.0003
47,BX1004,0.0064,0.0413
47,BX1103,0.0065,0.0296
47,BX1104,0.0095,0.0642
47,BX1201,0.3342,1.0
47,BX1202,0.4029,0.9963
47,BX1203,0.2404,1.0
48,BX0302,0.0056,0.0191
48,BX0303,0.0001,0.0003
48,BX0502,0.0378,0.1075
48,BX0503,0.0,0.0
48,BX0601,0.147,0.7547
48,BX0602,0.3496,1.0
48,BX0603,0.4583,0.955
48,BX0703,0.0,0.0
48,BX0901,0.0004,0.0006
48,BX1101,0.0012,0.0041
49,BX0601,0.0169,0.1003
49,BX0901,0.0072,0.0125
49,BX0904,0.0,0.0
49,BX1001,0.0079,0.0487
49,BX1002,0.0,0.0
49,BX1004,0.0,0.0001
49,BX1101,0.2484,0.9954
49,BX1102,0.2438,1.0
49,BX1103,0.2884,0.9704
49,BX1104,0.1874,0.9358
49,BX1201,0.0,0.0
49,BX1202,0.0,0.0
50,BX0701,0.0,0.0
50,BX0702,0.1576,0.2461
50,BX0703,0.0,0.0
50,BX0801,0.2162,0.9864
50,BX0802,0.1909,0.9735
50,BX0803,0.4352,1.0
52,BX0501,0.0,0.0
52,BX0503,0.0061,0.0355
52,BX0601,0.0057,0.0365
52,BX0603,0.0173,0.045
52,BX0701,0.374,0.9631
52,BX0702,0.379,0.7539
52,BX0703,0.2114,0.9997
52,BX0801,0.0023,0.0136
52,BX0802,0.0041,0.0265
52,BX1101,0.0001,0.0005
52,BX1201,0.0,0.0
60,BK1103,0.0185,0.0373
60,BK1301,0.3167,0.8694
60,BK1302,0.5059,1.0
60,BK1303,0.1552,0.9209
60,BK1501,0.0036,0.0075
60,BK1503,0.0,0.0
61,BK1103,0.0065,0.0227
61,BK1204,0.0,0.0
61,BK1301,0.0243,0.1157
61,BK1303,0.0077,0.0791
61,BK1403,0.001,0.0032
61,BK1501,0.2757,0.978
61,BK1502,0.2132,0.9765
61,BK1503,0.4702,1.0
61,BK1801,0.0,0.0
61,BK1802,0.0015,0.0088
62,BK1002,0.0022,0.0081
62,BK1101,0.4966,0.999
62,BK1102,0.1831,1.0
62,BK1103,0.2962,0.94
62,BK1202,0.0014,0.0027
62,BK1204,0.017,0.0494
62,BK1301,0.0034,0.0149
62,BK1501,0.0,0.0
63,BK1401,0.0,0.0
63,BK1403,0.0113,0.0153
63,BK1502,0.0083,0.0153
63,BK1503,0.0,0.0
63,BK1702,0.0141,0.031
63,BK1703,0.0,0.0
63,BK1801,0.5519,0.957
63,BK1802,0.4144,0.9912
63,BK1803,0.0,0.0
66,BK0701,0.0,0.0
66,BK0703,0.0047,0.0285
66,BK1101,0.0004,0.001
66,BK1201,0.1225,0.9999
66,BK1202,0.419,0.968
66,BK1203,0.1672,0.9676
66,BK1204,0.2692,0.9353
66,BK1402,0.0133,0.0536
66,BK1501,0.0038,0.0145
67,BK0503,0.0012,0.0031
67,BK0901,0.0,0.0
67,BK0902,0.0,0.0
67,BK1401,0.0,0.0
67,BK1602,0.0,0.0
67,BK1701,0.3199,0.9222
67,BK1702,0.224,0.969
67,BK1703,0.2423,0.9744
67,BK1704,0.1888,0.955
67,BK1801,0.0102,0.0349
67,BK1803,0.0135,0.0257
68,BK0702,0.0041,0.0082
68,BK0703,0.0122,0.0488
68,BK1001,0.6305,0.9968
68,BK1002,0.3382,0.9919
68,BK1101,0.0,0.0
68,BK1102,0.0,0.0
68,BK1202,0.0149,0.0226
69,BK0503,0.0875,0.1305
69,BK0504,0.0025,0.0069
69,BK1602,0.0028,0.004
69,BK1801,0.0,0.0
69,BK1802,0.0,0.0
69,BK1803,0.9072,0.9743
70,BK0701,0.0,0.0
70,BK0902,0.0,0.0
70,BK1202,0.0036,0.0067
70,BK1203,0.0069,0.0324
70,BK1204,0.0054,0.0153
70,BK1401,0.3441,1.0
70,BK1402,0.2874,0.9464
70,BK1403,0.3325,0.9815
70,BK1501,0.0,0.0
70,BK1502,0.002,0.0082
70,BK1701,0.016,0.0511
70,BK1702,0.0,0.0
70,BK1801,0.0021,0.0081
71,BK0802,0.0,0.0
71,BK0901,0.4831,1.0
71,BK0902,0.494,1.0
71,BK1401,0.0,0.0
71,BK1701,0.0136,0.0267
71,BK1703,0.0093,0.0256
71,BK1704,0.0,0.0
72,BK0601,0.0056,0.0094
72,BK0602,0.0,0.0
72,BK0701,0.2028,0.9999
72,BK0702,0.5399,0.9911
72,BK0703,0.2495,0.9228
72,BK1001,0.0022,0.0032
72,BK1201,0.0,0.0001
72,BK1202,0.0,0.0
72,BK1203,0.0,0.0
73,BK0302,0.0,0.0
73,BK0402,0.0,0.0
73,BK0502,0.0,0.0
73,BK0503,0.0215,0.0387
73,BK0802,0.0,0.0
73,BK1601,0.3918,0.9195
73,BK1602,0.5737,0.9959
73,BK1704,0.013,0.045
75,BK0402,0.0,0.0
75,BK0501,0.16,0.9997
75,BK0502,0.1998,1.0
75,BK0503,0.2702,0.8277
75,BK0504,0.1749,0.9931
75,BK0505,0.1869,0.9959
75,BK1601,0.0071,0.0283
75,BK1602,0.0,0.0
75,BK1803,0.0,0.0
75,QN0904,0.0,0.0
75,QN0905,0.001,0.0059
75,QN1002,0.0,0.0
75,QN1003,0.0001,0.0004
76,BK0201,0.0,0.0
76,BK0202,0.0,0.0
76,BK0601,0.9999,0.7753
76,BK0702,0.0001,0.0001
77,BK0204,0.0,0.0
77,BK0602,0.0,0.0
77,BK0801,0.1336,0.6101
77,BK0802,0.8664,0.9926
77,BK0901,0.0,0.0
77,BK1602,0.0,0.0
77,BK1704,0.0,0.0
78,BK0202,0.0,0.0
78,BK0203,0.0158,0.029
78,BK0601,0.2377,0.1977
78,BK0602,0.6186,0.9999
78,BK0701,0.0001,0.0001
78,BK0702,0.0007,0.0006
78,BK0801,0.1271,0.3899
78,BK0902,0.0,0.0
78,BK1401,0.0,0.0
79,BK0103,0.0,0.0
79,BK0204,0.0144,0.0518
79,BK0301,0.7986,0.9783
79,BK0302,0.1839,0.1932
79,BK0802,0.0032,0.0039
81,BK0302,0.9678,0.8068
81,BK0802,0.0035,0.0035
81,BK1601,0.0287,0.0522
83,BK0104,0.0,0.0
83,BK0302,0.0,0.0
83,BK0401,0.482,1.0
83,BK0402,0.518,0.9999
83,BK0501,0.0,0.0
83,BK1601,0.0,0.0
83,QN0502,0.0,0.0
84,BK0201,0.2761,1.0
84,BK0202,0.6586,0.9681
84,BK0203,0.0036,0.0066
84,BK0601,0.0209,0.0177
84,BK0602,0.0,0.0001
84,MN0101,0.04,0.0541
84,MN0302,0.0008,0.001
88,BK0102,0.0,0.0
88,BK0103,0.0,0.0
88,BK0202,0.022,0.0319
88,BK0203,0.5246,0.9643
88,BK0204,0.4248,0.9482
88,BK0301,0.0285,0.0217
88,BK0602,0.0,0.0
88,BK0801,0.0,0.0
88,BK0802,0.0,0.0
90,BK0102,0.2225,0.5539
90,BK0103,0.243,1.0
90,BK0104,0.5341,0.6685
90,BK0204,0.0,0.0
90,BK0301,0.0,0.0
90,BK0302,0.0,0.0
90,BK0401,0.0,0.0
90,MN0303,0.0002,0.0003
90,QN0501,0.0,0.0
90,QN0502,0.0001,0.0004
94,BK0101,0.3747,1.0
94,BK0102,0.2513,0.4461
94,BK0104,0.3714,0.3315
94,MN0303,0.0014,0.0017
94,MN0601,0.0002,0.001
94,MN0603,0.0009,0.0016
100,QN1402,0.47,0.6939
100,QN1403,0.53,1.0
101,QN1401,0.832,0.9996
101,QN1402,0.168,0.3061
102,BK0501,0.0,0.0
102,BK0505,0.0,0.0
102,QN0503,0.0001,0.0003
102,QN0602,0.0006,0.001
102,QN0805,0.0011,0.0042
102,QN0901,0.1732,0.9945
102,QN0902,0.2057,1.0
102,QN0903,0.1968,1.0
102,QN0904,0.1965,0.9546
102,QN0905,0.2145,0.9941
102,QN1001,0.0045,0.0071
102,QN1002,0.0061,0.0295
102,QN1201,0.0009,0.0023
103,QN0804,0.0001,0.0003
103,QN0805,0.0133,0.0375
103,QN1201,0.4926,0.952
103,QN1202,0.2748,0.7286
103,QN1205,0.0389,0.0793
103,QN1206,0.1802,0.8911
103,QN1303,0.0,0.0
104,BK0104,0.0,0.0
104,BK0401,0.0,0.0
104,BK0402,0.0,0.0001
104,BK0501,0.0001,0.0003
104,QN0203,0.0,0.0
104,QN0401,0.0151,0.0209
104,QN0501,0.216,0.8679
104,QN0502,0.342,0.9996
104,QN0503,0.2357,0.9447
104,QN0504,0.1911,0.9975
104,QN0601,0.0,0.0
105,QN0804,0.0,0.0
105,QN1103,0.0006,0.0039
105,QN1205,0.0023,0.0061
105,QN1206,0.0,0.0
105,QN1301,0.1999,1.0
105,QN1302,0.2398,0.9971
105,QN1303,0.396,0.9979
105,QN1304,0.1614,0.9875
105,QN1305,0.0,0.0
105,QN1307,0.0,0.0
106,BK0505,0.001,0.0041
106,QN0903,0.0,0.0
106,QN0904,0.0091,0.0454
106,QN1001,0.609,0.9929
106,QN1002,0.1955,0.9705
106,QN1003,0.1839,0.9992
106,QN1201,0.0,0.0
106,QN1202,0.0008,0.0028
106,QN1203,0.0007,0.0034
106,QN1306,0.0,0.0003
107,QN0706,0.0139,0.0583
107,QN0801,0.1552,1.0
107,QN0802,0.185,0.9985
107,QN0803,0.1401,0.9955
107,QN0804,0.2546,0.9997
107,QN0805,0.2337,0.9583
107,QN0901,0.0007,0.0043
107,QN1104,0.0005,0.0035
107,QN1201,0.0163,0.0457
107,QN1206,0.0,0.0
107,QN1303,0.0002,0.0007
108,MN0603,0.0,0.0001
108,MN0801,0.0001,0.0002
108,QN0104,0.0,0.0
108,QN0105,0.0043,0.0176
108,QN0201,0.1519,1.0
108,QN0202,0.432,1.0
108,QN0203,0.363,0.9813
108,QN0301,0.001,0.0014
108,QN0401,0.0099,0.0119
108,QN0501,0.0378,0.1321
109,QN0701,0.1684,0.9998
109,QN0702,0.111,1.0
109,QN0703,0.0705,0.9474
109,QN0704,0.1893,0.985
109,QN0705,0.1541,1.0
109,QN0706,0.1302,0.9417
109,QN0707,0.1698,0.8344
109,QN0801,0.0,0.0
109,QN0802,0.0002,0.0015
109,QN0803,0.0001,0.0012
109,QN1101,0.0063,0.0443
109,QN1102,0.0,0.0
110,QN0203,0.0047,0.0156
110,QN0301,0.0,0.0
110,QN0302,0.0,0.0
110,QN0303,0.0,0.0
110,QN0401,0.6568,0.9604
110,QN0402,0.2711,1.0
110,QN0504,0.0005,0.0025
110,QN0601,0.0055,0.0218
110,QN0602,0.001,0.0017
110,QN0701,0.0,0.0
110,QN0706,0.0,0.0
110,QN0707,0.0605,0.1656
111,QN0703,0.0085,0.0526
111,QN0704,0.0062,0.015
111,QN0705,0.0,0.0
111,QN0706,0.0,0.0
111,QN0803,0.0006,0.0033
111,QN1101,0.2929,0.9557
111,QN1102,0.3331,1.0
111,QN1103,0.1673,0.9961
111,QN1104,0.19,0.9965
111,QN1302,0.0008,0.0029
111,QN1303,0.0007,0.0014
112,QN0503,0.0154,0.055
112,QN0504,0.0,0.0
112,QN0601,0.2904,0.9782
112,QN0602,0.694,0.9973
112,QN0901,0.0002,0.0011
113,QN1003,0.0001,0.0004
113,QN1201,0.0,0.0
113,QN1202,0.114,0.2686
113,QN1203,0.3212,0.9966
113,QN1204,0.075,0.7057
113,QN1205,0.44,0.7968
113,QN1206,0.0248,0.1089
113,QN1303,0.0,0.0
113,QN1304,0.0,0.0
113,QN1306,0.0155,0.0574
113,QN1307,0.0094,0.03
114,MN0801,0.1071,0.2933
114,QN0101,0.2655,0.9959
114,QN0102,0.0875,1.0
114,QN0103,0.1821,1.0
114,QN0104,0.212,0.9917
114,QN0105,0.1458,0.9824
114,QN0201,0.0,0.0
114,QN0203,0.0,0.0
114,QN0301,0.0,0.0
115,QN0101,0.0017,0.0041
115,QN0104,0.0028,0.0083
115,QN0203,0.0011,0.0031
115,QN0301,0.6538,0.9986
115,QN0302,0.1469,1.0
115,QN0303,0.1881,1.0
115,QN0401,0.0054,0.0068
115,QN0402,0.0,0.0
115,QN0701,0.0001,0.0002
116,QN1204,0.0352,0.2943
116,QN1205,0.0731,0.1178
116,QN1304,0.0034,0.0125
116,QN1305,0.2606,1.0
116,QN1306,0.2863,0.9423
116,QN1307,0.3414,0.97
120,SI0101,0.117,1.0
120,SI0102,0.1068,1.0
120,SI0103,0.1499,0.9901
120,SI0104,0.407,0.999
120,SI0105,0.1445,0.5289
120,SI0106,0.0745,0.3521
120,SI0203,0.0004,0.0006
121,SI0105,0.0993,0.4672
121,SI0106,0.1066,0.6479
121,SI0107,0.2295,1.0
121,SI0203,0.1465,0.3126
121,SI0204,0.418,0.9988
121,SI0302,0.0,0.0
122,SI0103,0.001,0.0099
122,SI0104,0.0003,0.001
122,SI0105,0.0007,0.0039
122,SI0201,0.2249,1.0
122,SI0202,0.1294,1.0
122,SI0203,0.2736,0.6868
122,SI0204,0.0002,0.0006
122,SI0301,0.1058,1.0
122,SI0302,0.2641,0.7483
123,SI0203,0.0,0.0
123,SI0204,0.0003,0.0006
123,SI0302,0.1189,0.2517
123,SI0303,0.1758,1.0
123,SI0304,0.424,1.0
123,SI0305,0.2811,1.0
